keyword,date,title,link,content
에스파,2025-01-06 12:00:21,"[CES 2025] ""초개인화된 삶의 동반자""…삼성전자, '비전 AI' 공개",https://n.news.naver.com/mnews/article/001/0015143861?sid=101,"'삼성 퍼스트 룩'서 AI 스크린 새 방향성 제시…비전 AI 컴패니언도 첫선오픈 파트너십 확대…구글 협업 '이클립사 오디오'로 에스파 '위플래시' 영상도(라스베이거스=연합뉴스) 장하나 기자 = 삼성전자가 미국 라스베이거스에서 열리는 세계 최대 가전·IT 전시회 'CES 2025' 개막에 앞서 초개인화된 인공지능(AI) 스크린 경험을 위한 삼성 '비전 AI'를 공개했다.



'삼성 퍼스트 룩 2024' 발표하는 용석우 사장(서울=연합뉴스) 용석우 삼성전자 영상디스플레이사업부장 사장이 'CES 2024' 개막에 앞서 7일(현지시간) 진행한 '삼성 퍼스트 룩 2024(Samsung First Look 2024)' 행사에서 발표하고 있다. 2024.1.8 [삼성전자 제공. 재판매 및 DB 금지] photo@yna.co.kr    용석우 삼성전자 영상디스플레이사업부장(사장)은 5일(현지시간) 라스베이거스 시저스 팰리스 호텔에서 열린 '삼성 퍼스트 룩 2025' 기조연설에서 ""삼성 AI 스크린은 단순한 시청 기기를 넘어 생활의 중심에서 새로운 사용자 경험을 선사하는 삶의 동반자 역할을 하게 될 것""이라고 말했다.    삼성 퍼스트룩은 매년 CES 개막에 앞서 TV 관련 신제품과 신기술을 선보이는 행사다. 지난해에는 차세대 AI 프로세서인 'NQ8 AI 3세대' 프로세서를 공개하며 'AI 스크린 시대'의 포문을 열었다.    이번 행사에는 전세계 500여개 미디어가 참석했다.    삼성 비전 AI는 기존 TV의 역할을 확대해 사용자의 니즈와 취향, 의도까지 미리 파악, 스스로 스마트한 개인화된 경험을 제공한다.



'삼성 퍼스트룩'에 쏠린 관심(라스베이거스=연합뉴스) 장하나 기자 = 삼성전자가 세계 최대 가전·IT 전시회 'CES 2024' 개막에 앞서 7일(현지시간) 미국 라스베이거스 시저스팰리스호텔에서 연 '삼성 퍼스트룩 2024' 행사에 글로벌 미디어 400여명이 참석해 뜨거운 관심을 보였다. 2024.1.8 hanajjang@yna.co.kr    한 번의 클릭으로 사용자가 원하는 정보를 찾아 알려주는 '클릭 투 서치', 외국어 콘텐츠 자막의 실시간 번역, 사용자의 취향과 선호도를 반영해 이미지를 만들어주는 '생성형 배경화면' 등의 기능을 탑재했다.    사용자의 생활 패턴이나 기기 사용 이력, 집안의 상태 등을 분석해 실시간으로 알려주고 적시에 필요한 기능을 지원하는 '홈 인사이트', 가족이나 반려동물의 상태를 살필 수 있는 '패밀리·펫 케어' 등도 지원한다.    용 사장은 ""AI의 시대에 TV는 사람들의 취향과 니즈(요구)를 알아서 맞춰주는 인터랙티브한 역할을 할 것""이라고 말했다.



'삼성 퍼스트룩 2025'에서 기조연설하는 용석우 사장(라스베이거스=연합뉴스) 용석우 삼성전자 영상디스플레이사업부장(사장)이 5일(현지시간) 열린 '삼성 퍼스트 룩 2025' 행사에서 기조연설을 하고 있다. 2025.1.6. [삼성전자 제공. 재판매 및 DB 금지]    삼성전자는 개인 맞춤형 AI인 '비전 AI 컴패니언'도 처음 공개했다.    비전 AI 컴패니언은 사용자의 관심사와 질문을 즉각적으로 시각화해준다. 사용자가 '여행지 제안'을 요청하면 맛집과 일정 추천, 미술 작품 추천으로 이어지는 개인 맞춤형 경험을 제공하는 식이다.    삼성전자는 마이크로소프트(MS)를 시작으로 구글 등 다양한 글로벌 AI 기업들과 오픈 파트너십을 통해 AI 서비스를 제공할 예정이다.    스마트 모니터(M9)에는 MS 코파일럿 서비스를 탑재, 시청 중인 콘텐츠와 연관된 정보 검색이나 콘텐츠 추천 등을 제공할 계획이다. 향후 TV 제품에도 코파일럿 등 다양한 AI 서비스를 도입할 예정이다. 



삼성전자 2025년형 스마트 모니터 'M9' 제품 이미지[삼성전자 제공. 재판매 및 DB 금지] photo@yna.co.kr    19년 연속 글로벌 TV 시장 1위를 앞둔 삼성전자는 'NQ8 AI 3세대' AI 프로세서를 탑재한 2025년형 '네오(Neo) QLED 8K'(QN990F)도 최초 공개했다.     저화질 콘텐츠를 8K 화질로 업그레이드하는 '8K AI 업스케일링 프로', 컬러와 입체감을 풍부하게 표현하는 '오토 HDR 리마스터링 프로'를 탑재, 시청의 몰입감을 극대화했다.    삼성전자가 구글과 공동 개발한 3D 오디오 기술 '이클립사 오디오'는 2025년형 크리스탈 UHD 모델부터 네오 QLED 8K까지 지원한다.    삼성전자는 SM엔터테인먼트와 협력해 이클립사 오디오를 지원하는 삼성전자의 네오 QLED 8K TV와 HW-Q990F 사운드바로 걸그룹 에스파의 '위플래시'(Whiplash) 영상을 삼성 퍼스트룩 행사장에서 시연한다.



갤럭시 워치를 리모콘처럼(라스베이거스=연합뉴스) 신현우 기자 = 세계 최대 가전·정보기술(IT) 전시회 CES 2025 개막을 이틀 앞둔 5일 오후(현지시간) 미국 네바다주 라스베이거스 시저스 팰리스 호텔에서 열린 '삼성 퍼스트 룩 2025'에서 전시 관계자가 갤럭시 워치로 디스플레이를 제어하는 모습을 시연하고 있다. 2025.1.6 nowwego@yna.co.kr    삼성전자는 이번 CES에서 115형과 100형 네오 QLED 모델을 최초로 공개하며 초대형 TV 라인업을 강화했다.    또 큰 화면과 고화질 디스플레이를 선호하는 소비자 트렌드 변화에 발맞춰 98형 네오 QLED 8K뿐만 아니라, 85형 네오 QLED 4K, 83형 유기발광다이오드(OLED)까지 다양한 초대형 TV 라인업을 선보여 선택의 폭을 넓혔다.    마이크로미터(㎛) 단위의 LED 소자가 뛰어난 밝기와 선명한 색을 표현하는 마이크로 LED는 101, 114, 144형까지 선보였다.    삼성전자는 아트 구독 서비스 '삼성 아트 스토어'를 적용하는 TV 라인업을 확장하고, 지난해에 이어 올해 세계 최대 아트 페어 '아트 바젤'의 공식 디스플레이 파트너로 참여하며 아트 시장 내 리더십도 강화한다.    2025년형 '더 프레임'은 원 커넥트 무선 연결 기능을 최초로 지원한다. 박스를 통해 TV와 외부 기기를 깔끔하게 연결할 수 있고, 무선 연결을 통해 TV 주변 어디에나 자유롭게 배치가 가능하다.    업계 최초의 인터랙티브 디스플레이 '더 프리미어 5' 등 다양한 신제품도 선보였다.    삼성 '더 프리미어 5'는 터치 설루션을 탑재해 기존 프로젝터를 넘어선 제품으로, 사용자가 손쉽게 화면을 조작하고 원하는 콘텐츠를 찾아낼 수 있는 직관적인 사용자환경(UI)을 갖췄다.



더 프리미어 5 체험하는 행사 참여자(서울=연합뉴스) 5일(현지시간) 미국 라스베이거스 시저스 팰리스 호텔에서 열린 '삼성 퍼스트룩 2025'에서 행사 참여자가 더 프리미어 5를 체험하고 있다. 2025.1.6 [삼성전자 제공. 재판매 및 DB 금지] photo@yna.co.kr    CES 최고혁신상을 받은 홀로 디스플레이와 미러 디스플레이 등 미래형 스크린도 공개한다.    홀로디스플레이는 물리적 매질 없이 공중에 상을 맺히게 하는 스크린 기술로, 삼성의 왜곡 방지 기술이 적용됐으며 낮에도 밝고 선명한 화면을 제공한다.     미러디스플레이는 마이크로 LED 기술을 기반으로 거울 폼팩터와 높은 반사율을 구현했으며, 아모레퍼시픽과의 협업을 통해 사용자의 피부 상태를 진단하고 스킨케어 방법을 추천하는 설루션을 제공한다.



삼성전자와 아모레퍼시픽이 협업한 피부 분석 기술(라스베이거스=연합뉴스) 신현우 기자 = 세계 최대 가전·정보기술(IT) 전시회 CES 2025 개막을 이틀 앞둔 5일 오후(현지시간) 미국 네바다주 라스베이거스 시저스 팰리스 호텔에서 열린 '삼성 퍼스트 룩 2025'에서 미디어 관계자들이 미러 디스플레이를 활용한 피부 분석을 체험하고 있다. 2025.1.6 nowwego@yna.co.kr    hanajjang@yna.co.kr"
에스파,2025-01-07 10:38:15,"걸그룹 ‘에스파’ 뮤비가 CES에?…포자랩스, 3D 오디오 콘텐츠 선보여",https://n.news.naver.com/mnews/article/366/0001045486?sid=101,"삼성·구글·SM과 협력…‘이클립사 오디오’ 기술 적용  3차원 공간에 있는 듯한 몰입감 있는 사운드 구현



AI 음악 스타트업 포자랩스는 CES 2025에서 걸그룹 ‘에스파’의 공간 음향 리마스터 콘텐츠를 선보인다. /조선비즈        AI 음악 스타트업 ‘포자랩스’가 CES 2025에서 삼성전자, 구글, SM엔터테인먼트와 협력해 제작한 걸그룹 ‘에스파’의 공간 음향 리마스터 콘텐츠를 선보인다고 7일 밝혔다.3차원(3D) 오디오 기술 ‘이클립사 오디오(Eclipsa Audio)’를 활용해 에스파의 인기 뮤직비디오 등을 새롭게 구성한 콘텐츠로, 몰입감 넘치는 사운드를 경험할 수 있다고 포자랩스는 설명했다.이클립사 오디오는 삼성 리서치와 구글이 개발한 IAMF(Immersive Audio Model and Formats) 기술 브랜드로, 미국 라스베이거스에서 열리는 ‘CES 2025′에서 삼성전자 네오 QLED TV에 탑재돼 최초 공개된다. 소리의 위치와 강도, 공간 반사음 등의 음향 데이터를 디바이스 환경에 맞게 최적화해 3차원 공간에 있는 듯한 몰입감 있는 사운드를 구현하는 것이 특징이다.이번 CES에서 포자랩스가 공개한 콘텐츠에는 에스파의 위플래시, 슈퍼노바, 아마겟돈 등 뮤직비디오와 콘서트 실황 영상이 담겼다. 이를 통해 관람객들은 CES 현장에서 IAMF 3D 오디오 기술을 경험할 수 있으며, 기존 콘텐츠에 공간감을 더한 입체적 사운드를 즐길 수 있다.포자랩스는 CES 2025를 통해 공간 음향 기술이 가져올 새로운 가능성을 알리고, 글로벌 콘텐츠 시장에 본격 진출한다는 계획이다. 특히 최근 유튜브가 2025년부터 플랫폼 전반에 IAMF 기술을 도입한다고 발표하면서 3D 오디오 콘텐츠의 대중화가 본격화될 것으로 기대를 모으고 있다. 포자랩스는 이러한 변화에 발맞춰 크리에이터들도 손쉽게 3D 오디오를 제작하고 활용할 수 있도록 지원하는 설루션 개발에 나서고 있다.김태현 포자랩스 최고전략책임자(CSO)는 “이번 CES 프로젝트를 통해 AI 음악과 공간 몰입형 오디오 기술을 활용한 콘텐츠 제작의 가능성을 확인했다”며 “삼성전자, 구글, SM엔터테인먼트와의 협력을 강화해 공간 음향 기술을 글로벌 플랫폼에 확산해 나가겠다”고 말했다."
에스파,2025-01-07 13:23:09,"포자랩스, 삼성·구글·SM과 협력한 공간음향 CES서 첫 선",https://n.news.naver.com/mnews/article/030/0003273791?sid=105,"인공지능(AI) 음악 스타트업 포자랩스가 'CES 2025'에서 삼성전자, 구글, SM엔터테인먼트와 협력 제작한 에스파(aespa) 공간 음향 리마스터 콘텐츠를 선보인다.포자랩스는 삼성리서치와 구글이 개발한 3D 오디오 기술 '이클립사 오디오'를 활용, 에스파 인기 뮤직비디오와 콘서트 실황 영상의 음향을 공간음향으로 재구성해 몰입감 넘치는 사운드를 제공한다.CES 관람객들은 IAMF(Immersive Audio Model and Formats) 3D 오디오 기술은 물론, 기존 콘텐츠에 공간감을 더한 입체적 사운드를 경험하게 됐다.포자랩스는 공간음향 기술을 영상콘텐츠뿐 아니라 오프라인 매장이나 게임과 같이 공간감이 중요한 다양한 영역의 서비스로 확장할 계획이다. 또 유튜브의 IAMF 도입 상황을 고려, 크리에이터도 손쉽게 3D 오디오를 제작·활용할 수 있는 솔루션을 개발하고 있다.김태현 포자랩스 최고전략책임자(CSO)는 “삼성전자, 구글, SM엔터와 협업은 공간음향 기술을 글로벌 플랫폼에 확산시키고 차세대 콘텐츠의 가치를 증명하는 중요한 계기”라며 “공간음향 기술이 가져올 새로운 시장 확산을 위해 상호협력을 강화할 것”이라고 말했다."
에스파,2025-01-07 16:21:19,"[CES 2025] ""메타버스 한물갔다 하면 서운하죠""…AI 바람에 올라탄 XR",https://n.news.naver.com/mnews/article/001/0015146879?sid=101,"(라스베이거스=연합뉴스) 조성미 기자 = 인공지능(AI) 붐에 가려 침체하는 듯했던 메타버스·확장현실(XR) 기술이 산업·엔터테인먼트 업계에서 활용도를 인정받으며 어엿한 미래 신기술로 주목받고 있다.    한때 메타버스 붐을 가라앉혔던 AI 기술이 메타버스·XR을 보다 정교하고 비용 효율적으로 구현할 수 있도록 도와주면서 최근 XR을 산업과 일상에서 활용하려는 시도가 더욱 빈번해지고 있다.    삼정KPMG 경제연구소가 낸 CES 2025 보고서에 따르면 2023년 기준 소비자 XR 분야 글로벌 시장은 178억7천만 달러 규모에서 나날이 성장할 것으로 전망됐다.     2028년까지 높은 성장이 예상되는 분야는 차량용 XR(28.9%), 상업용(28.1%), 기업용(27.4%), 헬스케어(27.3%) 순이다. 소니·할리우드가 주목하는 콘텐츠 산업의 XR 활용도    개막을 하루 앞둔 6일(이하 현지시간) 세계 최대의 IT·가전 박람회 CES 2025 현장에서는 다수의 XR 관련 기업과 기술이 관람객을 만날 준비에 한창인 모습이었다.    내로라하는 글로벌 기업들이 XR 산업을 화두로 내세워 미디어데이 등 행사를 앞다퉈 마련하는 모습이 눈길을 끌었다.    소니는 이날 글로벌 언론사·인플루언서 등을 대상으로 프레스 콘퍼런스를 열고 현실 세계를 스캔해 3차원 입체 영상으로 재현하는 공간 콘텐츠 제작 설루션 'XYN' 출시 계획을 공개했다.    현실 및 가상 세계의 융합이 가속화되면서 영화, 애니메이션, 게임, 산업 디자인에서 3D 콘텐츠 제작 수요가 빠르게 증가하자 이를 지원하는 설루션을 내놨다는 설명이다.



소니, 확장현실(XR) 및 콘텐츠 사업 전략 발표(라스베이거스=연합뉴스) 조성미 기자 = 소니 관계자가 6일(현지시간) 프레스 콘퍼런스를 열어 확장현실(XR) 및 콘텐츠 사업 전략을 발표하고 있다. 2025.1.7 csm@yna.co.kr    소니는 미국프로풋볼리그(NFL)와 협력을 맺어 스포츠 분야에서 가상현실 사업을 기획하고 자사가 강점을 지닌 게임, 엔터테인먼트 분야에서의 XR 콘텐츠를 발전시키는 등 지식재산(IP) 사업 내실화를 중장기 비전으로 제시하기도 했다.    같은 날 라스베이거스 아리아 리조트에서는 '할리우드 궤적: 2025∼2030년 생성형 AI 타임라인'을 주제로 세션이 열려 할리우드 엔터테인먼트 업계가 AI와 XR 기술을 향후 콘텐츠 제작, 사업화에 어떻게 활용할지 논의했다.    국내 뮤직테크 스타트업 버시스는 SM엔터테인먼트와 걸그룹 에스파의 음악과 세계관을 메타버스에 옮긴 에스파 월드로 CES 2025 혁신상을 받았다. 에스파 월드에서는 팬들이 아이돌 음악을 시각적으로 경험하고 쌍방향으로 참여할 수 있다.    롯데이노베이트는 메타버스 플랫폼 자회사인 칼리버스와 함께 현실 세계를 가상에 똑같이 구현해 시뮬레이션에 활용하는 디지털 트윈 기술을 전시한다. 디지털 트윈은 AI 분야를 선도하는 엔비디아가 최근 차세대 기술로 주목하는 기술이다.    글로벌 중장비 기업 보쉬와 지멘스도 CES 2025 전시에서 스마트 팩토리 등 산업 분야에서 활용되는 최첨단 디지털 트윈 기술을 소개한다. 전문가 기기부터 자율주행차 홀로그램까지 XR 디바이스 발전상     XR 분야가 더 이상 가상 세계에 머무르지 않고 현실 세계에서 활용될 방안이 구체화하면서 가상과 현실을 보다 실감 나게 이어줄 도구들도 봇물 터지듯 쏟아졌다.    소니와 지멘스는 콘텐츠 창작자 및 제품 디자이너 등 전문가용 XR 디스플레이 기기(HMD) 'SRH-S1'의 첫선을 보인다.



소니와 지멘스가 개발한 전문가용 HMD 'SRH-S1'와 컨트롤러[CES 2025 홈페이지 캡처. 재판매 및 DB 금지]    HMD(헤드 마운트 디스플레이)는 애플 비전프로처럼 머리에 쓰는 XR 기기로 퀄컴의 XR 전문 칩 스냅드래곤 XR2+ GEN2 플랫폼을 탑재했다. 기기 운용에는 지멘스의 산업용 소프트웨어 '엑셀러레이터'가 활용됐다.    4K 마이크로 OLED 패널로 생생한 현실감을 구현하며 6개의 카메라 센서를 이용해 사용자 주변의 공간을 인식한 뒤 실사와 가상을 섞은 혼합현실(MR) 콘텐츠 제작을 지원한다. 이 제품은 XR 기술·액세서리 부문에서 최고혁신상의 영예를 안았다.    영국과 미국 기반 스타트업 엔비직스는 운전자가 머리에 쓰면 자동차 진행 방향과 관련한 정보, 예상 장애물, 도로 주행 법규 등을 홀로그램으로 표시해주는 헤드업 디스플레이를 출품했다.    독일 광학제조기업 칼자이스 자회사 마이크로옵틱스는 카메라 기능이 없는 투명한 소재에 홀로그래픽 기술을 적용해 카메라 역할을 하도록 하는 '투명 카메라' 기술로 CES 2025 최고혁신상을 받았다.    차량 전면 유리 등이 마치 카메라처럼 주변 사물을 인식하고 투사할 수 있어 자율주행 기술과 높은 연계성이 점쳐진다.    이밖에 삼성전자, 메타 등이 도전장을 내밀고 제품 개발에 나선 AR 글라스 분야에서는 중국 가전·전자 기업 TCL 등의 의지도 뜨겁게 느껴졌다.    리둥성 TCL 창업자 겸 회장은 6일 전시 준비가 거의 끝난 TCL 전시장에서 AR 글라스를 직접 써보고 담당자와 한참 동안 대화를 주고받는 등 큰 관심을 기울이는 모습이 목격되기도 했다.



AR 글라스 써보는 리둥성 TCL 회장(라스베이거스=연합뉴스) 조성미 기자 = 리둥성 TCL 회장이 6일 오후(현지시간) 미국 네바다주 라스베이거스 컨벤션센터 TCL부스를 찾아 AR 글라스를 착용해보고 있다. 2025.1.7 csm@yna.co.kr 촉각까지 가져오는 XR…햅틱 기술 진일보    메타버스나 디지털 트윈 등의 XR 기술이 보통 시각적인 측면에 치중해있지만, 근미래에 촉각이나 후각, 미각 등 다른 오감까지 가상 현실로 불러들이는 일이 현실이 되고 있다.    이러한 인간 오감의 가상화 기술을 '햅틱'이라고 하는데 CES 2025 혁신상을 받은 캐나다 기업 해플리 로보틱스의 햅틱 장치가 대표적이다.    이 회사의 소형 햅틱 기기 '미니버스'를 착용하고 가상 현실 속 물체를 만지면 그 물체의 표면 질감, 무게감, 저항감 등으로 설정된 특정한 느낌이 이용자에게 전달되게 설계됐다.    해플리 로보틱스는 ""사실적인 촉각 피드백을 제공해 사용자가 가상 환경과 매우 정확하게 상호 작용할 수 있도록 지원한다""고 설명했다.



중국 아이팝의 햅틱 슈트[아이팝 홈페이지 캡처. 재판매 및 DB 금지]    중국 햅틱 기술기업 아이팝은 온몸에 분포한 15개의 모션 센서와 양손에 착용하는 햅틱 장갑이 가상 현실 속에서도 실제의 느낌을 최대한 재현하도록 돕는 '이모텐스 슈트'로 CES 혁신상을 거머쥐었다.    이 밖에 사람을 특수 카메라로 찍었을 때 실물과 흡사한 홀로그램이 박스 안에 나타나는 AI 기반 홀로그램 박스를 출품한 홀로커넥츠도 햅틱 기술과 함께 관람객 이목을 끌 전시로 지목됐다.    미국 오그멘탈은 디지털 기기를 손을 사용하지 않고 머리와 혀의 움직임만으로 제어하는 구강 내 인터페이스를 개발해 혁신상을 받았다. 



실제 사람을 촬영해 홀로커넥츠의 홀로그램 박스 안에서 재현한 모습[X 캡처. 재판매 및 DB 금지]    csm@yna.co.kr"
에스파,2024-12-24 09:26:33,카카오엔터 임직원이 뽑은 베스트 IP '선업튀'·'슈퍼노바'·'핑계고',https://n.news.naver.com/mnews/article/003/0012978577?sid=105,"카카오엔터, 첫 사내 연말 시상식 개최임직원이 우 IP와 기술 혁신 사례 선정



[서울=뉴시스] 에스파가 올해의 아티스트에 선정됐다. (사진=카카오엔터테인먼트 제공) *재판매 및 DB 금지[서울=뉴시스]윤정민 기자 = 카카오엔터테인먼트 임직원이 뽑은 올해 최고의 지식재산(IP)은 웹소설 '내일의 으뜸: 선재 업고 튀어', 에스파의 '슈퍼노바', 웹예능 '핑계고'였다.카카오엔터는 지난 20일 서울 종각 오피스에서 첫 사내 연말 시상식 '엔톱어워즈'를 열었다고 24일 밝혔다.카카오엔터는 수많은 IP와 기술 혁신 사례, 회사 성장을 이끈 프로젝트 중 최우수 사례를 선정하고 이를 함께 축하하고자 행사를 마련했다고 전했다.'내일의 으뜸 : 선재 업고 튀어', '슈퍼노바', '핑계고'는 각각 콘텐츠 장르별 최우수 IP로 꼽혔다. 스토리 IP 부문 최우수를 받은 '내일의 으뜸 : 선재 업고 튀어'는 드라마 방영 이전인 지난 3월 마지막 주 대비 방영 이후인 4월 셋째 주 조회 수 약 18배, 웹툰은 같은 기간 기준 약 20배 조회 수 상승을 이뤄냈다.뮤직 IP 부문 최우수를 받은 '슈퍼노바'는 올해 카카오엔터가 유통한 음원 중 가장 많은 사랑을 받은 곡이다. 뮤직플랫폼 멜론 주간 차트에서 15주 연속 1위로 역대 최장기간 정상 신기록을 세웠다.



[서울=뉴시스] 유튜브 채널 '뜬뜬'이 지난 13일 공개한 웹예능 '핑계고' 영상엔 배우 이동욱이 게스트로 출연한 모습이 담겼다. (사진= 웹예능 '핑계고' 캡처) 2024.08.14. photo@newsis.com *재판매 및 DB 금지'핑계고'는 미디어 베스트 IP 부문 최우수로 뽑혔다. 안테나 예능 스튜디오 안테나플러스가 제작한 콘텐츠로 방송인 유재석이 여러 동료와 기존 방송에서 다루지 못한 솔직한 이야기를 나눈다. 올해 선보인 44개 콘텐츠로만 2억회 조회 수를 기록하는 등 가파른 인기 상승세에 힘입어 유튜브 채널 '뜬뜬'도 개설 2년 만에 구독자 수 237만명을 차지했다. 최근에는 황정민, 양세찬, 지석진 등과 함께 한 스핀오프 '풍향고'가 화제다. 유재석은 ""카카오엔터테인먼트 콘텐츠 전문가분들이 뽑아 주셔서 이번 수상을 기쁘게 생각한다. 앞으로도 '핑계고'가 즐거운 웃음을 드리도록 노력하겠다""고 영상으로 소감을 전했다.회사와 브랜드 성장에 기여한 프로젝트에 수여하는 '베스트 임팩트' 부문 시상도 있었다. 최고경영자(CEO)와 부문장 등 심사위원 10명이 참여했다. 음악콘텐츠 부문이 진행한 '음악 IP 전략 마케팅 프로젝트'와 카카오엔터 인공지능(AI) 브랜드 '헬릭스'가 선정됐다. 음악 IP 전략 마케팅 프로젝트는 음악 산업 글로벌 트렌드로 자리 잡은 데이터 기반 마케팅을 주도적으로 진행한 프로젝트다. K팝 산업 내 다양한 파트너들과 협력해 카카오엔터가 축적한 데이터 분석을 토대로 추진한 전략 마케팅 사례와 의미 있는 성과들로 높은 점수를 받았다.카카오엔터는 헬릭스 수상에 대해 헬릭스 푸시, 헬릭스 큐레이션 등 AI 기반 서비스를 선보이며 플랫폼 성장에 기여해 왔다고 설명했다. 헬릭스 큐레이션 도입군과 비도입군을 대상으로 테스트를 진행한 결과 작품 노출 대비 클릭률(CTR) 100%, 열람 전환율 80%, 열람 전환 당일 거래액이 150% 증가한 것으로 나타났다. AI가 웹툰, 웹소설을 짧은 영상으로 제작하는 헬릭스 숏츠 기술을 출시하는 등 카카오엔터 내 IP와 AI 기술 결합을 이어갈 예정이다.



[서울=뉴시스] 권기수(오른쪽), 장윤중 카카오엔터테인먼트 공동대표 (사진=카카오엔터테인먼트 제공)권기수, 장윤중 공동대표는 엔톱어워즈에서 ""크루들의 노력과 새로 마련된 여러 소통 기회를 통해 올 한해 회사를 안정시키고 향후 성장을 위한 기반을 마련할 수 있었다""며 ""올해와 마찬가지로 내년에도 오랜 시간, 많은 사람에게 사랑받을 좋은 콘텐츠를 꾸준히 선보이는 회사가 되도록 노력하겠다""고 말했다．"
에스파,2024-12-29 07:00:16,[2025 가요계] 'K팝 명가' SM 30주년…BTS·블랙핑크도 재시동,https://n.news.naver.com/mnews/article/001/0015130020?sid=103,"SM, 한류·세계관·송캠프 등 K팝 토대 일궈…내달 합동 콘서트로 자축10주년 세븐틴·빌보드 1위 스트레이 키즈는 월드투어…에스파·아이브도 기대 



SM엔터테인먼트[연합뉴스 자료 사진]    (서울=연합뉴스) 이태수 기자 = 그룹 H.O.T.부터 에스파까지 숱한 K팝 스타를 배출한 SM엔터테인먼트가 '푸른 뱀의 해'(乙巳年)인 2025년 창립 30주년을 맞는다.     또 K팝 간판 그룹 방탄소년단(BTS)과 블랙핑크의 완전체 복귀가 관심을 끄는 가운데, 세븐틴과 스트레이 키즈도 월드투어 등으로 새해 K팝 열풍을 잇는다.   H.O.T.부터 동방신기·NCT까지…K팝 기틀 다진 SM 30주년



그룹 H.O.T.[연합뉴스 자료 사진]    SM은 내년 2월 14일 회사 창립 30주년을 맞는다.    SM은 1995년 2월 이수만 SM 전 총괄 프로듀서가 자본금 5천만원으로 설립한 기획사다. 이듬해인 1996년 5인조 보이그룹 H.O.T.를 선보여 가요계 판도를 바꿨고, 이후 S.E.S.와 신화 등을 잇따라 성공시키며 '1세대 아이돌' 시대를 열어젖혔다.    SM이 2000년 선보인 보아는 한국 가수 사상 처음으로 일본 오리콘 주간 차트 1위를 기록하며 일본 내 K팝 한류를 열었다.    이후 동방신기, 슈퍼주니어, 소녀시대가 잇따라 국내외에서 큰 인기를 누리며 '2세대 아이돌' 시대를 풍미했고, 2012년 데뷔한 엑소는 2000년대 초반 이후 국내 음반으로는 처음으로 밀리언셀러를 기록하며 '3세대 아이돌' 시대를 개막했다.    SM은 이 밖에도 2020년 걸그룹 에스파를 데뷔시켜 '넥스트 레벨'(NEXT LEVEL)·'슈퍼노바'(Supernova) 등을 히트시키며 '4세대 아이돌' 시장에서도 주도권을 놓지 않았다.



그룹 동방신기(서울=연합뉴스) 진연수 기자 = 그룹 동방신기가 2023년 12월 26일 오후 서울 영등포구 콘래드 호텔에서 열린 정규 9집 '20&amp;2' 발매 기념 기자회견에서 포즈를 취하고 있다. 2023.12.26    SM은 이처럼 지난 30년간 그때그때 시장의 흐름을 영민하게 읽어내고, 기획사 차원의 체계적인 트레이닝·프로듀싱 시스템을 통해 K팝 시장의 '판'을 짰다. 현재 K팝에서 당연하게 여겨지는 요소들 상당수가 SM이 처음 도입했거나 대중화시킨 것들이다.    무엇보다 '한류'(韓流)라는 용어 자체가 2000년 H.O.T.의 중국 베이징 콘서트에서 비롯됐다. 이 공연이 현지 언론에 집중적으로 보도될 당시 '한류'라는 단어로 소개되며 널리 쓰였다.      SM에 따르면 H.O.T.의 흰색 풍선을 필두로 아이돌 팬덤을 색깔로 상징한 풍선 응원법, 코스닥 시장 상장(2000년), 온라인·모바일 콘텐츠 서비스(2001년), 유튜브 채널 개설(2009년), 국내 콘서트 응원봉 중앙 제어(2016년), 온라인 전용 콘서트(2020년) 등도 모두 SM이 가요계에서 처음 시도한 것들이다.    또한 아이돌 그룹의 상징과도 같은 '헤드 마이크'는 SM엔터테인먼트의 전신인 SM기획 소속이던 현진영이 TV 음악 프로그램에서 사용해 국내에 대중화시켰다.    SM은 S.E.S. 2집 '드림스 컴 트루'(Dreams Come True·1998년) 뮤직비디오 속 외계 가상 세계, H.O.T.의 3D SF 영화 '평화의 시대'(2000년) 등으로 '현실을 넘은 판타지적 세계관' 역시 일찍감치 선보였다. 



걸그룹 소녀시대[연합뉴스 자료 사진]    ryousanta@yna.co.kr    가요계에서는 이 밖에 아이돌 그룹 티저 콘텐츠, 소속 가수 합동 콘서트, 소속 가수 합동 캐럴 앨범도 SM이 대중화한 요소라고 보고 있다.    특히 SM이 2009년 처음 도입해 2011년 본격화한 '송캠프'(송라이팅 캠프)는 단순히 곡을 외국에서 사 오는 개념을 넘어 외국 작곡가들과 처음부터 협업함으로써 K팝의 지평을 전 세계로 넓히는 결정적인 계기를 마련했다는 평가를 받는다.    임희윤 대중음악평론가는 ""SM은 송캠프를 통해 국내외 작곡가를 협업하게 만드는 인터내셔널 A&amp;R(Artist &amp; Repertoire) 시스템을 선도적으로 구축했다""며 ""이를 통해 소수 국내 작곡가의 재능에 기대던 음악적인 한계를 넘어 세계인이 들어도 세련된 음악을 만들어낼 수 있게 됐다""고 말했다.    SM은 내년 1월 11∼12일 서울 고척스카이돔에서 보아, 동방신기, 에스파 등 소속 가수들은 물론 H.O.T.의 토니안, S.E.S.의 바다, 플라이투더스카이의 환희 등 과거 SM에 몸담은 스타들도 출연하는 'SM타운 라이브 2025'(SMTOWN LIVE 2025)를 열고 30주년을 자축한다.    또 SM타운 앨범, 서울시립교향악단과의 K팝 오케스트라 콘서트, 30주년 기념 브랜드 필름 등 다채로운 콘텐츠를 내놓고, 내년 1분기 중 에스파 이후 5년 만의 신인 걸그룹을 선보일 예정이다.  BTS·블랙핑크 '완전체' 기대…새해 주목할 K팝 스타는



그룹 방탄소년단[팬 커뮤니티 위버스. 재판매 및 DB 금지]    방탄소년단은 내년 6월 군 복무 중인 멤버 5명이 전역하거나 소집 해제되면서 완전체 활동에 성큼 다가선다.    내년은 특히 방탄소년단이 '화양연화'(2015년) 시리즈를 발표한 지 10주년이 되는 해인데, 다시 뭉친 7명이 새로 내놓을 음악과 메시지에 전 세계 '아미'(팬덤명)의 관심이 집중된다.    다만 6월 멤버들의 전역 이후 음반 제작에는 상당한 시간이 걸리는 만큼, 새 앨범 발매는 2026년으로 넘어갈 가능성이 있다는 관측도 제기된다.



걸그룹 블랙핑크[YG엔터테인먼트 제공. 재판매 및 DB 금지]    또 다른 K팝 대표 주자 블랙핑크는 내년 신보를 내고 새 월드투어에 돌입한다.     제니, 지수, 로제, 리사 네 멤버는 작년 12월 팀 활동에 한해 YG엔터테인먼트와 재계약을 맺으면서 이러한 내용에 이미 합의한 것으로 전해졌다.     가요계에서는 대규모 공연 성수기가 여름∼가을인 점을 고려할 때, 블랙핑크 멤버들이 내년 봄께 신보 제작에 들어가 여름께 이를 발표하고, 이후 월드투어를 펼치는 시나리오가 거론된다.    양현석 YG 총괄 프로듀서는 지난 7월 ""2025년에는 많은 (소속) 아티스트가 동시에 활동하게 될 것""이라며 ""블랙핑크의 컴백과 월드투어가 시작되는 해""라고 밝혔다. 



그룹 세븐틴 새 월드투어 '라이트 히어'(RIGHT HERE)[플레디스엔터테인먼트 제공. 재판매 및 DB 금지]    또한 미국 빌보드 메인 앨범 차트 '빌보드 200'에서 6회 연속 1위에 오른 스트레이 키즈와 내년 데뷔 10주년을 맞는 세븐틴도 새해 스타디움 규모의 월드투어를 이어간다. 4세대 대표 걸그룹 아이브는 내년 2월 3일 세 번째 미니앨범 '아이브 엠파시'(IVE EMPATHY)를 발표한다.     정민재 대중음악평론가는 ""블랙핑크는 솔로 활동도 잘 됐고, 멤버별 브랜드 파워도 훨씬 커진 상황이라 팀 활동을 재개하면 '스매시 히트'가 나올 수도 있을 것""이라며 ""방탄소년단은 전역 후 상업적 흥행은 뒤따르겠지만, 소속사 이슈에 따른 리스크도 여전한 상황""이라고 내다봤다.    정 평론가는 이어 ""올해 연타 히트에 성공한 에스파가 내년 어떻게 인기를 이어갈지, 올해 신보 발매가 주춤했던 아이브가 내년에는 다시 좋은 성과를 낼지 등이 관심""이라고 말했다. 



스트레이 키즈[Pooneh Ghana·Lollapalooza 2024 제공. 재판매 및 DB 금지]    tsl@yna.co.kr"
에스파,2025-01-07 00:02:01,"세븐틴, 2년 연속 음반대상…음원킹은 ‘슈퍼노바’ 에스파",https://n.news.naver.com/mnews/article/025/0003413016?sid=103,"그룹 세븐틴이 골든디스크 어워즈에서 2년 연속 음반 부문 대상을 수상했다. 2015년 데뷔한 이들은 이듬해 시상식에서 신인상을 받은 후 올해까지 대상 2개를 포함해 ‘10년 연속 수상’이라는 대기록을 세웠다. [사진 골든디스크 어워즈 사무국]           그룹 세븐틴이 2년 연속 골든디스크 어워즈 음반 대상의 영예를 안았다. 지난해 ‘슈퍼노바’ ‘아마겟돈’ ‘업’(카리나 솔로곡) ‘위플래시’로 연달아 음원차트를 휩쓸었던 에스파는 첫 음원 대상의 기쁨을 만끽했다.      세븐틴은 5일 일본 후쿠오카(福岡) 미즈호 페이페이 돔에서 진행된 ‘제39회 골든디스크 어워즈’(이하 골든디스크) 음반 부문 시상식에서 미니 12집 ‘스필 더 필스’로 대상을 품에 안고 “이 상을 받게 해준 캐럿(CARAT·팬덤명)이 우리의 자랑이다. 앞으로도 더욱 좋은 이야기와 긍정적인 메시지를 전하고 싶다”고 소감을 밝혔다. 멤버들은 대체 복무 중인 멤버 정한도 언급하며 “모두 함께 받는 상이다. 이 상의 무게만큼 끝까지 열심히 하는 세븐틴이 되겠다”고 각오했다.      이들은 30회 신인상을 시작으로 31회부터 39회까지 대상 2번을 포함해 ‘10년 연속 트로피 수상’이라는 대기록을 썼다. 지난해 구보(발매 후 6개월 이상 지난 앨범) 포함 연간 1000만장에 육박하는 누적 앨범 판매량을 보였으며, ‘2024 빌보드 뮤직 어워드’서는 톱 K팝 투어링 아티스트로 선정됐다.      



정근영 디자이너           시상식은 4일과 5일 양 일에 걸쳐 음원과 음반 부문으로 나눠 개최됐다. 성시경·문가영·차은우가 진행을 맡았고 이틀간 약 6만 명의 관객이 시상식장을 찾아 공연을 즐겼다. 홍정도 중앙그룹 부회장과 배우 박보검·박은빈, 전 야구선수 이대호는 시상자로 참석해 K팝 아티스트들을 응원했다. 무안국제공항에서의 제주항공 참사에 따른 국가애도기간에 따라 음원 시상식은 6일 오전 0시에, 음반은 7일 오전 1시 20분 JTBC와 네이버TV, 치지직에서 녹화 방송됐다. 추후 JTBC2·JTBC4에서도 만나볼 수 있다.      이날 수상한 대부분의 가수들은 소감에 앞서 애도와 위로의 말로 추모했다. MC 성시경은 “그 고통과 아픔을 말로 다 표현할 수 없겠지만, 조금이나마 음악을 통해 위로와 평안이 찾아올 수 있기를 진심으로 바란다”고 위로하며 묵념으로 마음을 나눴다. 음원 대상을 받은 에스파는 “여객기 희생자분들과 유가족분들께 애도를 표하며 우리도 함께 기억하겠다”고 전했다.      



디지털 음원 부문 대상을 포함해 3관왕에 오른 에스파. [사진 골든디스크 어워즈 사무국]           에스파는 130만장의 판매고를 올린 첫 정규앨범 ‘아마겟돈’과 타이틀곡 ‘슈퍼노바’로 음원 대상, 음원 본상, 음반 본상까지 3관왕에 오르며 대세 그룹임을 입증했다. 멤버들은 “새해부터 대상을 받아 감회가 남다르다. 올해도 자주 찾아뵐 테니까 기대해주셨으면 좋겠다”고 소감을 밝혔다.      



음원과 음반 양 쪽에서 두 개의 본상 트로피를 챙긴 아이브. [사진 골든디스크 어워즈 사무국]      



음원과 음반 양 쪽에서 두 개의 본상 트로피를 챙긴 (여자)아이들. [사진 골든디스크 어워즈 사무국]           (여자)아이들과 아이브 또한 지난해 대중성을 보여주는 음원 시장과 팬덤 중심의 음반 시장에서 고루 사랑받은 걸그룹이었다. 지난해에 이어 음원과 음반 본상을 모두 받은 아이브는 “최근 첫 월드투어로 꿈의 무대인 도쿄돔에 올랐는데, 앞으로도 더 멋진 무대 보여드리는 멋진 팀이 되겠다”고 다짐했다. (여자)아이들은 밀리언 셀러를 달성한 정규 2집 ‘2’로 데뷔 7년차에 첫 음반 본상을 거머쥐었다. 수록곡 ‘나는 아픈 건 딱 질색이니까’로 음원 본상을 추가했으며, 멤버 우기는 베스트 솔로 아티스트상까지 3관왕의 기쁨을 안았다.      



‘밤양갱’으로 음원상을 수상한 비비.      



‘눈물의 여왕’ OST로 상을 받은 크러쉬.           ‘밤양갱’으로 히트한 비비, ‘역주행의 아이콘’ 데이식스는 골든디스크에 첫 참석해 음원 본상을 수상했다. 올해로 데뷔 10주년을 맞은 데이식스는 베스트 밴드상까지 두 개의 트로피를 거머쥔 후 “많은 응원 보내주신 팬 분들께 감사하다”고 인사했다. 비비는 “공감이 필요할 때라고 생각이 드는 요즘이다. 음악할 수 있게 심연에서 꺼내준 사장님 타이거JK와 윤미래에 감사하다”고 말했다.      



신인상과 함께 음원 본상의 영예를 안은 아일릿. [사진 골든디스크 어워즈 사무국]      



신인상과 함께 음원 본상의 영예를 안은 투어스. [사진 골든디스크 어워즈 사무국]           아일릿과 투어스는 신인상과 함께 음원 본상까지 트로피 2개를 챙겼다. 또 다른 신인상 2개는 YG 양현석 총괄이 제작한 베이비 몬스터, 엔시티의 마지막 유닛인 엔시티 위시가 받았다. 100% 팬 투표로 선정되는 인기상엔 버추얼 보이그룹인 플레이브가 호명됐고 여자 인기상은 르세라핌에 돌아갔다.      



시상자로 참석한 홍정도 중앙그룹 부회장과 배우 박보검. [사진 골든디스크 어워즈 사무국]           전년도 음원 대상을 받은 뉴진스는 음원 본상과 코스모폴리탄 아티스트상으로 2관왕을 차지했다. 어도어와의 공식적인 마지막 스케줄이었던 골든디스크 무대까지 모두 마친 멤버들은 “앞으로도 보여주고 싶은 것들이 많으니 계속 응원해달라”고 소감을 밝혔다. 뉴진스는 어도어와 전속계약이 지난해 11월 29일자로 해지됐다고 주장하고 있다.      시상은 2023년 11월 초부터 2024년 11월 초까지 발매된 음원 및 음반을 대상으로 했다. 수상자는 2024년 11월 30일까지의 음반 판매량 및 음원 이용량을 집계해 반영한 정량평가(60%)와 골든디스크 집행위원·가요담당 기자·음악프로그램 PD·대중음악평론가·국내 유통사 관계자 등으로 구성된 전문가 심사(40%)를 합산해 선정했다."
에스파,2025-01-06 16:20:12,"""맞춤 여행부터 맛집 추전까지""…삼성전자, '비전 AI' 공개",https://n.news.naver.com/mnews/article/079/0003978244?sid=101,"'삼성 퍼스트 룩'서 AI 스크린 새 방향성 제시…비전 AI 컴패니언도 첫선오픈 파트너십 확대…구글 협업 '이클립사 오디오'로 에스파 '위플래시' 영상도



삼성전자 영상디스플레이사업부장 용석우 사장이 5일(현지시간) 진행된 '삼성 퍼스트 룩 2025(Samsung First Look 2025)' 행사에서 기조연설을 하고 있다. 삼성전자 제공 삼성전자가 미국 라스베이거스에서 열리는 세계 최대 가전·IT 전시회 'CES 2025' 개막에 앞서 초개인화된 인공지능(AI) 스크린 경험을 위한 삼성 '비전 AI'를 공개했다.삼성전자 용석우 영상디스플레이사업부장(사장)은 5일(현지시간) 라스베이거스 시저스 팰리스 호텔에서 열린 '삼성 퍼스트 룩 2025' 기조연설에서 ""삼성 AI 스크린은 단순한 시청 기기를 넘어 생활의 중심에서 새로운 사용자 경험을 선사하는 삶의 동반자 역할을 하게 될 것""이라며 이같은 구상을 밝혔다.삼성 퍼스트룩은 매년 CES 개막에 앞서 TV 관련 신제품과 신기술을 선보이는 행사다. 지난해에는 차세대 AI 프로세서인 'NQ8 AI 3세대' 프로세서를 공개하며 'AI 스크린 시대'의 포문을 열었다.이번 행사에는 전세계 500여개 미디어가 참석했다.삼성 비전 AI는 기존 TV의 역할을 확대해 사용자의 니즈와 취향, 의도까지 미리 파악, 스스로 스마트한 개인화된 경험을 제공한다. △클릭으로 사용자가 원하는 정보를 찾아 알려주는 '클릭 투 서치' △외국어 콘텐츠 자막의 실시간 번역 △사용자의 취향과 선호도를 반영해 이미지를 만들어주는 '생성형 배경화면' 등의 기능이 포함됐다.사용자의 생활 패턴이나 기기 사용 이력, 집안의 상태 등을 분석해 실시간으로 알려주고 적시에 필요한 기능을 지원하는 '홈 인사이트', 가족이나 반려동물의 상태를 살필 수 있는 '패밀리·펫 케어' 등도 지원한다.용 사장은 ""AI의 시대에 TV는 사람들의 취향과 니즈(요구)를 알아서 맞춰주는 인터랙티브한 역할을 할 것""이라고 말했다.



삼성전자 모델이 5일(현지시간) 진행된 '삼성 퍼스트 룩 2025(Samsung First Look 2025)' 행사에서 2025년형 Neo QLED 8K를 소개하고 있다. 삼성전자 제공삼성전자는 개인 맞춤형 AI인 '비전 AI 컴패니언'도 첫 공개했다. 비전 AI 컴패니언은 사용자의 관심사와 질문을 즉각적으로 시각화해준다. 사용자가 '여행지 제안'을 요청하면 맛집과 일정 추천, 미술 작품 추천으로 이어지는 개인 맞춤형 경험을 제공하는 식이다.삼성전자는 마이크로소프트(MS)를 시작으로 구글 등 다양한 글로벌 AI 기업들과 오픈 파트너십을 통해 AI 서비스를 제공할 예정이다. 스마트 모니터(M9)에는 MS 코파일럿 서비스를 탑재, 시청 중인 콘텐츠와 연관된 정보 검색이나 콘텐츠 추천 등을 제공할 계획이다. 향후 TV 제품에도 코파일럿 등 다양한 AI 서비스가 도입된다.삼성전자는 'NQ8 AI 3세대' AI 프로세서를 탑재한 2025년형 '네오(Neo) QLED 8K'(QN990F)도 최초 공개했다. 저화질 콘텐츠를 8K 화질로 업그레이드하는 '8K AI 업스케일링 프로', 컬러와 입체감을 풍부하게 표현하는 '오토 HDR 리마스터링 프로'를 탑재, 시청의 몰입감을 극대화했다고 삼성전자는 전했다.삼성전자가 구글과 공동 개발한 3D 오디오 기술 '이클립사 오디오'는 2025년형 크리스탈 UHD 모델부터 네오 QLED 8K까지 지원한다.삼성전자는 SM엔터테인먼트와 협력해 이클립사 오디오를 지원하는 삼성전자의 네오 QLED 8K TV와 HW-Q990F 사운드바로 걸그룹 에스파의 '위플래시'(Whiplash) 영상을 삼성 퍼스트룩 행사장에서 시연한다.삼성전자는 이번 CES에서 115형과 100형 네오 QLED 모델을 최초로 공개하며 초대형 TV 라인업을 강화했다. 아울러 큰 화면과 고화질 디스플레이를 선호하는 소비자 트렌드 변화에 발맞춰 98형 네오 QLED 8K뿐만 아니라, 85형 네오 QLED 4K, 83형 유기발광다이오드(OLED)까지 다양한 초대형 TV 라인업을 선보여 선택의 폭을 넓혔다. 마이크로미터(㎛) 단위의 LED 소자가 뛰어난 밝기와 선명한 색을 표현하는 마이크로 LED는 101, 114, 144형까지 선보였다.삼성전자는 아트 구독 서비스 '삼성 아트 스토어'를 적용하는 TV 라인업도 확장헤 지난해에 이어 올해 세계 최대 아트 페어 '아트 바젤'의 공식 디스플레이 파트너로 참여하는 등 아트 시장 내 리더십도 강화한다는 계획이다.2025년형 '더 프레임'은 원 커넥트 무선 연결 기능을 최초로 지원한다. 박스를 통해 TV와 외부 기기를 깔끔하게 연결할 수 있고, 무선 연결을 통해 TV 주변 어디에나 자유롭게 배치가 가능하다.업계 최초의 인터랙티브 디스플레이 '더 프리미어 5' 등 다양한 신제품도 선보였다.CES 최고혁신상을 받은 홀로 디스플레이와 미러 디스플레이 등 미래형 스크린도 공개한다. 홀로디스플레이는 물리적 매질 없이 공중에 상을 맺히게 하는 스크린 기술로, 삼성의 왜곡 방지 기술이 적용됐으며 낮에도 밝고 선명한 화면을 제공한다. 미러디스플레이는 마이크로 LED 기술을 기반으로 거울 폼팩터와 높은 반사율을 구현했으며, 아모레퍼시픽과의 협업을 통해 사용자의 피부 상태를 진단하고 스킨케어 방법을 추천하는 설루션을 제공한다.CBS노컷뉴스는 '제주항공 참사'로 희생된 이들을 추모합니다.이메일 : jebo@cbs.co.kr카카오톡 : @노컷뉴스사이트 : https://url.kr/b71afn"
에스파,2025-01-03 10:17:09,에스파 닝닝의 고향 하얼빈에서 열리는 ‘눈 뒤집히는 얼음 축제’,https://n.news.naver.com/mnews/article/009/0005423225?sid=103,"중국 하얼빈(Harbin)에서 세계 최대 규모의 실내 빙설 테마파크가 열려 화제다.신화통신(Xinhua) 등 외신에 따르면, 지난 21일 오전 10시 ‘빙설대세계’ 테마파크가 26번째 개장식을 맞이했다. ‘얼음 도시’라는 별명을 가진 하얼빈은 1월 월 평균 기온이 –17℃를 웃도는 냉대 동계 건조 기후의 도시이다.



 하얼빈 출신 에스파 닝닝 / 사진= 유튜브 동네스타K3에스파 닝닝은 2023년 5월 유튜브 ‘동네스타 K3’에 출연해 “하얼빈의 추위는 눈이 뒤집히는 정도가 다르다”며 자신의 고향인 하얼빈의 겨울에 대해 설명했다. ‘겨울의 꿈, 아시아의 사랑’을 주제로 돌아온 ‘빙설대세계’는 개장 이래로 가장 큰 면적인 100만㎡(30만2500평)에 달하는 공간을 선보였다.‘빙설대세계’는 일본의 오사카성, 인도의 타지마할 등 아시아올림픽평의회(OCA)에 가입한 42개국의 명소를 얼음과 눈으로 재현해 보인다. 테마파크 중심에는 OCA의 공식 상징을 표현한 얼음 조각상이 세워진다.



 빙설대세계 / 사진= 하얼빈 빙설대세계 홈페이지테마파크의 하이라이트로 불리는 ‘아이스 슬라이드(Ice Slide)’ 놀이기구는 레인이 24개로 늘어났다. 대기 구역에는 300m에 이르는 방풍 난방 시설을 설치해 방문객이 추위를 피해 휴식을 취할 수 있게 했다.궈훙웨이(Guo Hongwei) ‘빙설대세계’ 회장은 “겨울철 즐길 거리를 찾는 사람들에게 ‘빙설대세계’ 테마파크는 잊지 못할 경험을 선사할 것”이라고 말했다."
샤이니,2024-12-17 20:01:10,"샤이니 키 ""내 평판 어때?"" 묻자…놀라운 반응 나왔다 [영상]",https://n.news.naver.com/mnews/article/015/0005071452?sid=103,"구글, AI 어시스턴트 활용 '제미나이키친' 영상 공개



출처=구글코리아 유튜브 채널“샤이니 키의 평판은 좀 어때?” “샤이니 키의 평판은 매우 긍정적입니다.”앞치마를 두른 키(본명 김기범)가 요리 준비를 하면서 자신에 대한 평을 묻자 인공지능(AI) 어시스턴트는 곧바로 이 같이 답했다. 이어 “다양한 예능 프로그램에 출연하며 재치 있는 입담과 솔직한 모습으로 많은 사랑을 받고 있다. 예의 바르고 겸손한 성격, 꾸준히 팬들에게 감사를 표하며 겸손한 모습을 보여주고 있다”고 덧붙였다.구글은 자사 AI 어시스턴트 ‘제미나이(Gemini)’에게 레시피를 추천받아 요리하는 ‘제미나이키친’ 캠페인을 공개했다고 17일 밝혔다. 구글코리아 유튜브 채널에 게시된 캠페인 영상과 쿠키 영상에는 K팝 아이돌 키와 비투비 이창섭, 있지(ITZY) 채령이 제미나이와 대화하며 연말 파티 음식을 준비하는 과정을 흥미진진하게 담아냈다.이들은 각자의 방식대로 제미나이를 활용했다. 이창섭은 냉장고 안 식재료를 촬영해 레시피를 추천받아 요리를 완성했고, 키는 추천 영상 토대로 제미나이가 1인분 준비 재료의 양까지 계산해주자 감탄사를 터뜨렸다. 채령은 이미지 생성 AI 모델 ‘이마젠(Imagen)’을 활용해 젠가 모양으로 쌓은 떡볶이 이미지를 그린 뒤 실제 요리로 내놓기도 했다. 제미나이는 3명과 요리 관련 질문에 대한 답변, 레시피 추천뿐 아니라 물 흐르듯 자연스럽게 대화를 이어가는 모습을 보였다.



구글코리아 공식 유튜브 채널에 공개된 '제미나이키친' 캠페인 영상. / 사진=구글 제공영상 말미에는 넷플릭스 ‘흑백요리사: 요리 계급 전쟁’ 출연으로 유명세를 얻은 안성재 셰프도 ‘미스터리 손님’으로 등장, 맛을 비롯해 요리 과정·레시피·데코레이션 등 제미나이가 조언한 솔루션에 좋은 평가를 내렸다.제미나이는 오픈AI의 챗GPT와 경쟁하는 구글의 차세대 AI 어시스턴트다. 일상 여러 분야에 활용 가능한 제미나이의 각종 기능을 대중적으로 알리기 위해 캠페인을 기획한 것으로 보인다.구글코리아 관계자는 “이번 캠페인을 통해 제미나이가 단순 정보 제공 역할을 넘어 이용자 스스로 학습하고 발전할 수 있도록 돕는 파트너 역할을 하는 AI임을 보여주고자 했다”고 말했다. 이어 “(제미나이는) 자연스러운 대화 기반으로 다양한 정보를 제공하고 창의적 작업을 지원하는 AI 모델”이라며 “요리 외에도 사진 생성, 실시간 번역, 개인화된 추천 등 일상 곳곳에서 실질적 도움을 준다. 이용자와의 상호작용을 통해 더 나은 경험을 만들어나갈 수 있는 게 특징”이라고 귀띔했다."
샤이니,2024-12-17 07:50:03,"샤이니 태민 유튜브 또 해킹 피해…""강력한 법적조치""",https://n.news.naver.com/mnews/article/277/0005518605?sid=102,"샤이니 멤버 태민의 유튜브 채널이 또 해킹 피해를 입었다.16일 소속사 빅플래닛메이드엔터는 공식 입장을 통해 ""지난 15일 새벽 3시경, 당사 소속 아티스트 태민의 공식 유튜브 채널에 대한 해킹 정황이 또 포착됐다. 해킹 상황 인지 후 당사는 즉각 복구 및 관련 조치를 완료한 데 이어 15일 오전 해킹 의심 아이디 및 관련 자료를 유튜브 측에 제출 및 신고했다""고 밝혔다.



샤이니 멤버 태민. 인스타그램이어 ""하지만 유튜브 측은 금일(16일) 오후 1시경 채널 커뮤니티 가이드 위반에 따른 채널 삭제 조치를 통보해 왔고, 현재는 채널이 폐쇄된 상태""라며 ""당사는 그동안 복잡한 조합의 비밀번호와 2차 인증 그리고 보안 유지를 철저히 하였으며 해킹을 방지하는 모든 것을 동원하였음에도 예상치 못한 상황이 발생, 팬 여러분들께 불편과 심려를 끼쳐드리게 된 점 사과의 말씀드린다""고 했다.소속사는 ""현재 유튜브 측과 빠른 해결 방법을 논의 중에 있으며, 양측이 지속적으로 소통하여 사실 내용을 빨리 소명하도록 하며 최대한 빠른 시일 내에 복구될 수 있도록 최선을 다하겠다""며 ""또한, 태민 아티스트의 유튜브 채널이 반복적으로 해킹이 시도되고 있는 이번 사안만큼은 경찰에 신고하는 등 강력한 법적 조치를 취하겠다""고 경고했다. 끝으로 ""갑작스러운 상황에 불편함을 느끼셨을 이용자분들께 양해 말씀드리며, 조속한 복구 작업을 진행하겠다""고 덧붙였다.태민은 앞서 지난 9월에도 채널 해킹 피해를 입은 바 있다. 당시 빅플래닛메이드엔터의 유튜브 채널에 접속하면 로고가 '테슬라'로 바뀌어 있었고, 일론 머스크의 연설 영상만 게재됐었다. 회사 공식 채널뿐만 아니라 태민, 이승기, 걸그룹 배드빌런 등 소속 가수들의 공식 유튜브 채널도 마찬가지 현상을 겪었다.다음은 소속사 입장 전문안녕하세요.빅플래닛메이드입니다.지난 15일 새벽 3시경, 당사 소속 아티스트 태민의 공식 유튜브 채널에 대한 해킹 정황이 또 포착됐습니다. 해킹 상황 인지 후 당사는 즉각 복구 및 관련 조치를 완료한 데 이어 15일 오전 해킹 의심 아이디 및 관련 자료를 유튜브 측에 제출 및 신고하였습니다.하지만 유튜브 측은 금일(16일) 오후 1시경 채널 커뮤니티 가이드 위반에 따른 채널 삭제 조치를 통보해 왔고, 현재는 채널이 폐쇄된 상태입니다.당사는 그동안 복잡한 조합의 비밀번호와 2차 인증 그리고 보안 유지를 철저히 하였으며 해킹을 방지하는 모든 것을 동원하였음에도 예상치 못한 상황이 발생, 팬 여러분들께 불편과 심려를 끼쳐드리게 된 점 사과의 말씀드립니다.현재 당사는 유튜브 측과 빠른 해결 방법을 논의 중에 있으며, 양측이 지속적으로 소통하여 사실 내용을 빨리 소명하도록 하며 최대한 빠른 시일 내에 복구될 수 있도록 최선을 다하겠습니다.또한, 태민 아티스트의 유튜브 채널이 반복적으로 해킹이 시도되고 있는 이번 사안만큼은 경찰에 신고하는 등 강력한 법적 조치를 취하겠습니다.갑작스러운 상황에 불편함을 느끼셨을 이용자 분들께 양해 말씀드리며, 조속한 복구 작업을 진행하겠습니다.감사합니다."
샤이니,2024-12-16 22:39:13,"샤이니 태민 유튜브 해킹 피해 '채널 폐쇄'…""반복 시도 법적 조치""",https://n.news.naver.com/mnews/article/079/0003971386?sid=103,"샤이니 태민. 빅플래닛메이드엔터 제공그룹 샤이니 멤버인 가수 태민이 유튜브 채널 해킹 피해를 입은 것으로 전해졌다.16일 소속사 빅플래닛메이드에 따르면 전날 새벽 3시쯤 태민의 공식 유튜브 채널에서 해킹 정황이 포착됐다.해당 피해 상황을 인지한 태민 측은 즉각 복구 등 관련 조치를 완료했다. 당일 오전 해킹 의심 아이디 등 관련 자료도 유튜브 측에 제출·신고했다.이에 유튜브 측은 16일 오후 1시쯤 채널 커뮤니티 가이드 위반에 따른 채널 삭제 조치를 통보해 왔고, 현재는 채널이 폐쇄된 상태다.소속사는 ""그동안 복잡한 조합의 비밀번호와 2차 인증 그리고 보안 유지를 철저히 해왔다""며 ""해킹을 방지하는 모든 것을 동원했음에도 예상치 못한 상황이 발생, 팬 여러분들께 불편과 심려를 끼쳐드리게 된 점 사과의 말씀드린다""고 전했다.이어 ""유튜브 측과 빠른 해결 방법을 논의 중에 있다""며 ""양측이 지속적으로 소통해 사실 내용을 빨리 소명하도록 하고, 최대한 빠른 시일 내에 복구될 수 있도록 최선을 다하겠다""고 덧붙였다.특히 소속사는 ""태민의 유튜브 채널에 대한 해킹 시도가 반복적으로 이뤄지고 있는 만큼 경찰에 신고하는 등 강력한 법적 조치를 취하겠다""고 강조했다.※CBS노컷뉴스는 여러분의 제보로 함께 세상을 바꿉니다. 각종 비리와 부당대우, 사건사고와 미담 등 모든 얘깃거리를 알려주세요.이메일 : jebo@cbs.co.kr카카오톡 : @노컷뉴스사이트 : https://url.kr/b71afn"
샤이니,2024-12-13 19:14:09,"소원봉·믐뭔봄·빙키봉 총집합···민주, 응원봉 들고 ‘탄핵 결의문’ 낭독",https://n.news.naver.com/mnews/article/032/0003339095?sid=100,"더불어민주당 의원들이 윤석열 대통령에 대한 2차 탄핵소추안 표결을 하루 앞둔 13일 오후 국회 본관 앞에서 각종 응원봉을 들고 탄핵 구호를 외치고 있다. 연합뉴스윤석열 대통령 탄핵 촉구 집회에서는 아이돌 팬덤의 응원봉이 새로운 유형의 ‘촛불’로 떠올랐다. 더불어민주당은 윤 대통령의 2차 탄핵소추안 표결을 하루 앞둔 13일 응원봉을 지참한 채 탄핵안 통과 결의를 다지는 행사를 했다. 의원들은 각자 소녀시대·샤이니·엔씨티(NCT)·뉴진스 등 다양한 아이돌 그룹의 공식 응원봉을 지참했다.박찬대 민주당 원내대표는 걸그룹 소녀시대의 공식 응원봉을 들고 결의문 낭독자로 나섰다. 그는 “내일 국회는 윤석열 탄핵안을 표결한다”며 “윤석열은 어제 담화를 통해 위헌, 위법한 비상계엄임을 자백했다. 극단적 망상에 사로잡힌 정신이상자에게서 하루라도 빨리 군 통수권을 박탈하고 직무를 정지해야 한다”고 말했다.박 원내대표는 이어 “탄핵은 헌정질서 중단이 아니라 헌정질서 회복”이라며 “국회는 헌정질서를 복원해야 할 책무가 있고 탄핵은 헌법상 국회가 가진 합헌적 수단”이라고 말했다. 그는 “국민의힘 의원 몇몇이 찬성 입장을 밝히고 있다. 늦었지만 상식과 국민의 편에 선 점 환영한다”면서도 “아직 부족하다다. 더 많은 의원이 국민 명령에 따라 민주공화국을 지키기 위해 헌법을 수호하는 길에 나서길 촉구한다”고 말했다.박 원내대표는 “헌정질서를 파괴하는 자는 그가 누구든 반드시 단죄한다는 역사적 교훈을 남기겠다”며 “그래야 80년 광주와 같은 비극이 되풀이 되지 않고, 전두환·윤석열 같은 미치광이가 등장하지 않는다”고도 말했다.참석한 의원들은 각자 지참한 응원봉을 힘껏 흔들었다. 아이돌 공식 응원봉은 아니지만 ‘탄핵’ 글자 스티커가 붙은 파란색 별 모양 LED 응원봉을 지참한 의원들도 눈에 띄었다.



박찬대 더불어민주당 원내대표를 비롯한 의원들이 윤석열 대통령에 대한 2차 탄핵소추안 표결을 하루 앞둔 13일 오후 국회 본관 앞에서 응원봉을 들고 탄핵 구호를 외치고 있다. 연합뉴스박 원내대표는 행사가 끝난 뒤 기자들과 만나 ‘응원봉 행사 기획 취지’에 대해 “12·3 계엄 선포가 이뤄지고 국민이 국회를 지키기 위해 국회로 몰려들었을 때 굉장한 감동을 느꼈다”며 “특히 젊은 세대가 국회 정문을 지키며 밤새 노숙을 하는 모습을 보며 반드시 우리가 이들을 지키고 국회와 민주주의를 지켜야겠다는 생각을 가졌다”고 했다.그는 “특히 새로운 세대들에겐 응원봉이 보물 1호라고 하더라”며 “귀하고 가장 소중한 것을 가지고 나와서 마음을 담았다는 생각이 들었다. 우리 국회의원들도 응원봉을 들고 집회에 나오는 그들과 함께해야겠다 (생각해) 좀 어색하지만 (저는) 소녀시대의 소원봉을 들고나왔다”고 말했다.박 원내대표는 소녀시대의 응원봉을 선택한 데 대해선 “우리 때는 민중가요가 ‘임을 위한 행진곡’이었다면 요즘 젊은 신세대의 민중가요가 (따로) 있다고 그러더라”며 “바로 소녀시대의 ‘다만세(다시 만난 세계)’라고 한다. 올 크리스마스 때 반드시 탄핵을 국민께 선물로 드리도록 하겠다”고 말했다.이날 행사에서는 김남희·서미화·이용우·이해식·정진욱 의원 등이 이른바 ‘믐뭔봄’으로 불리는 보이그룹 NCT의 공식 응원봉을 들었고, 김윤·모경종·최민희 의원 등이 걸그룹 뉴진스의 공식 응원봉 ‘빙키봉’을 들었다. 김용민·정동영·조정식 의원 등은 보이그룹 샤이니의 공식 응원봉을 지참하고 등장했다."
샤이니,2024-12-10 21:18:16,"""내란동조 국힘"" 성난 민심, 탄핵 응원봉 7일째",https://n.news.naver.com/mnews/article/047/0002455752?sid=102,"[현장] 10일도 '윤석열 탄핵·체포 부산시민대회' 계속, 여당 의원들에겐 근조화환 쇄도



▲  10일 부산 서면 쥬디스태화 인근 하트조형물 앞에서 '내란범 윤석열 탄핵·체포 부산시민대회’가 진행되고 있다. BTS·NCT·더보이즈·플레이브·세븐틴·샤이니 등 케이팝 아이돌 응원봉을 든 참가자들의 모습.ⓒ 김보성""국민에게 총부리를 겨눈 건데 이번에도 탄핵을 반대할 건가요? 민주주의 정당이 맞나요?""10일 부산 서면 '내란범 윤석열 탄핵·체포 부산시민대회'에서 만난 30대 정지연씨는 여당 국민의힘의 대응을 도저히 이해할 수 없다며 잇따라 물음표를 달았다. 한동훈 대표의 '질서있는 퇴진' 등 국민의힘에서 나오는 정국 수습 방안을 보면 헌법을 수호하는 정당으로 볼 수 없다는 것이 그의 반응이었다.알록달록 아이돌 응원봉을 흔드는 10대의 의견도 다르지 않았다. 박아무개(19)씨는 ""&lt;서울의봄&gt;처럼 될까 봐 무섭다. 국민의 대리인이라면 당보다 국민을 지켜야 한다""고 잘라 말했다. 20대 역시 이에 동의했다. 김아무개(25)씨는 ""이참에 헌법을 공부하고 있다. 읽으면 읽을수록 여당이 얼마나 위헌적 발상을 하는지 다 보인다""고 쓴소리를 냈다.'내란 혐의 피고인' 윤석열뿐만 아니라 여당 향한 '분노' 커져사흘 전 국회 본회의에 상정한 대통령 탄핵소추안이 여당 의원들의 불참으로 무산되면서 쌓였던 국민의 분노가 더 폭발하는 모습이다. 비상계엄 사태가 발발한 지 7일째이지만, 윤석열정권 퇴진 부산비상행동(가칭)이 주최하는 집회에는 10·20대부터 70대까지 세대를 불문한 시민들이 쏟아져 나왔다. 이날은 ""제2의 부마항쟁에 나서겠다""며 1050명 규모의 시국선언을 발표한 부산대 학생들도 동참했다.오후 7시 주최 측은 2500여 명이 참석한 것으로 추산했다. 사회를 본 이승민 부산윤석열퇴진대학생행동 대표는 학교 시험 기간과 평일 등의 조건에도 연일 탄핵 집회 자리를 채우고 있는 시민들에게 감사를 표시했다. 그는 ""계엄 그날부터 정말 많은 분이 함께해주고 있다. 서로를 향해 응원을 보내자""라고 말했다. 



▲  10일 부산 서면 쥬디스태화 인근 하트조형물 앞에서 '내란범 윤석열 탄핵·체포 부산시민대회’가 진행되고 있다. ⓒ 김보성 



▲  10일 부산 서면 쥬디스태화 인근 하트조형물 앞에서 '내란범 윤석열 탄핵·체포 부산시민대회’가 진행되고 있다. 자유발언에 나선 20대 참가자.ⓒ 김보성자유발언에서는 다양한 이들이 무대에 올라 나라를 이 지경까지 몰고 간 대통령과 탄핵을 피하는 여당을 향해 규탄 발언을 토해냈다. 윤상현 의원의 '시간 다 지나면 다 찍어주더라' 발언을 소환한 배아무개(19) 학생은 ""뭐 눈에는 뭐만 보인다고 그래서 국민이 개돼지로 보이느냐""라고 직격탄을 날렸다. 백송이(40)씨는 이들을 향해 ""이 나라의 주인이 누군지 몇 번이고 알려주자""고 목청을 키웠다.'탄핵가(승전가)' 등 사직야구장을 옮겨놓은 듯한 야구 응원가까지 1시간 넘게 힘을 모아 낸 참석자들은 행사를 마친 뒤 주변 2km 구간을 행진하며 집회에 참석하지 못한 이들에게 촛불이 활활 타오르고 있다는 사실을 알렸다. 거리에서도 ""여당은 윤석열을 즉각 탄핵하라""는 목소리가 줄기차게 이어졌다.""여당 실망스러워"" 지역 일간지도 나란히 사설매일 열리는 집회와 별도로 지역의 구민들은 탄핵 표결에 참여하지 않은 17명의 의원에게 다른 방식으로 민심을 전달하는 중이다. 정동만(기장)·김희정(연제)·조경태(사하을)·백종헌(금정)·이성권(사하갑)·서지영(동래)·김미애(해운대을) 의원 사무소에 잇달아 근조화환이 배달됐다. 리본띠에는 '먼저 등져놓고 표 달라 마세요', '민주주의의 명복을 빕니다' 등의 내용이 적혔다.&lt;국민일보&gt;가 한국갤럽에 의뢰한 여론조사 결과(지난 6~7일, 전국 18세 이상 1014명, 표본오차는 95%신뢰수준에서 ±3.1%p, 중앙여론조사심의위 누리집 참조)에서는 응답자의 87%가 비상계엄을 비판했고, 74%가 대통령 탄핵에 '찬성한다'고 답변했다. 여당의 정당지지도는 24%로 내려앉았다.이를 본 지역 언론은 일제히 여당이 민심을 반영하지 못하고 있다며 따끔한 일침을 놓았다. &lt;국제신문&gt;은 8일자 사설에서 ""'12.3 비상계엄 사태' 수습의 키를 쥔 여당의 행태는 시종일관 실망스럽다. 정권 유지용 시간 벌기에 올인하는 듯한 정치공학적 계산만 가득하다""고 꼬집었다.&lt;부산일보&gt;도 9일자 사설에서 ""위기를 하루속히 끝내려면 사태의 근본 원인인 대통령의 즉각 사퇴 말고는 다른 방도가 있을 수 없다""고 충고했다. 이 신문은 ""국민의힘이 윤 대통령을 지키려고 국민의 뜻을 저버린 것이다. 입장을 수시로 번복한 한동훈 대표의 책임이 크다""며 문제를 제기했다. 



▲  10일 부산 서면 쥬디스태화 인근 하트조형물 앞에서 '내란범 윤석열 탄핵·체포 부산시민대회’가 진행되고 있다. '국민의힘 해체폭망', '국민은 절대 지지 않는다' 등의 손팻말을 든 참가자들.ⓒ 김보성"
샤이니,2024-12-13 08:19:18,소녀시대∙샤이니 '응원봉'이 돌아왔다…촛불만큼 뜨거운 이유,https://n.news.naver.com/mnews/article/025/0003407636?sid=102,"지난 6일 오후 서울 영등포구 국회의사당역 인근에서 시민들이 탄핵이라 적힌 보이그룹 NCT 응원봉을 들고 대통령 탄핵을 촉구하는 촛불집회에 참석해 있다. 연합뉴스           윤석열 대통령 탄핵 촉구 집회에 참여하기 위해 ‘응원봉’을 찾는 사람들이 늘고 있다. 촛불 보다 발광력이 좋고 재사용이 가능한 아이돌 응원봉이 새로운 시위 문화가 되고 있다.        13일 네이버 데이터랩에 따르면 지난 8일 네이버쇼핑 ‘생활·건강’ 카테고리에서 ‘응원봉’을 검색하고 클릭한 지수가 최대치인 100을 기록했다.      윤 대통령의 계엄 선언이 있기 전 해당 지수는 1~3 수준이었다. 지수는 상대적인 값으로 이전보다 클릭량이 대폭 늘어났다는 의미다.      



지난 11일 오후 서울 여의도 국민의힘 당사 앞에서 응원봉과 손팻말을 든 시민들이 윤석열 대통령 탄핵과 국민의힘 해체를 촉구하고 있다. 뉴스1       최근 한 달간(11월 11일~12월 11일) 응원봉을 가장 많이 검색한 연령대는 40대로 집계됐다. 이어서 30대, 50대 순으로 응원봉을 찾았다. 응원봉 검색자의 79%가 여성이다.      네이버쇼핑 주간 이슈키워드 7위는 샤이니 응원봉이다. 샤이니 응원봉은 최근 커뮤니티에서 뛰어난 발광력으로 입소문을 탔다.      이슈키워드 9위와 11위에도 응원봉이 이름을 올렸다. 지금은 단체 활동하지 않는 소녀시대 응원봉이 9위에 이름을 올린 것은 시위에서 소녀시대 노래인 ‘다시만난세계’가 불리기 때문인 것으로 보인다.        



네이버쇼핑 주간 이슈 키워드. 네이버 캡처       비싼 응원봉을 사기보다는 대여를 하려는 이용자들도 많다. 중고거래 플랫폼에서는 응원봉을 구한다는 글, 빌려준다는 글이 다수 올라오고 있다.      번개장터는 12월 첫째주 ‘응원봉’ 키워드 검색량은 11월 마지막 주인 직전 주에 비해 무려 1900% 급증했다고 밝혔다."
NCT,2024-12-24 08:07:30,"NCT 재민, ""모든 어린이에 써달라""…팬클럽 이름으로 1억 기부",https://n.news.naver.com/mnews/article/277/0005522419?sid=102,"팬클럽 이름으로 1억원을 기부한 NCT 재민. 유니세프 한국위원회 제공유니세프 한국위원회(회장 정갑영)는 NCT 재민이 팬클럽 ‘NCTzen DREAM’ 이름으로 지구촌 어린이를 지원하는 기금1억 원을 기부했다고 24일 밝혔다. 이번 기금은 지난 6월 NCT 재민의 첫 개인 사진전 ‘나르시시즘-재민 퍼스트 이그지비션’에서 ‘NCTzen DREAM’이 마련한 액자 판매 수익금으로 조성됐다.재민은 이에 앞서 2018년 유니세프 한국위원회와 함께 베트남 하노이 및 콘툼 지역을 방문해 소외 계층 어린이의 음악 교육 지원 사업을 함께한 바 있다. SM엔터테인먼트는 2015년부터 유니세프 한국위원회와 사회공헌 헙약을 맺고 베트남·필리핀 소외계층 어린이의 음악 교육 사업을 10년째 지원해 오고 있다. 이번 기금은 전쟁과 자연재해로 힘겨운 겨울을 보내고 있는 전 세계 어린이들의 따뜻한 겨울나기에 전액 지원될 예정이다.재민은 “팬들의 소중한 사랑에 보답하고자 팬들과 함께 뜻깊은 일을 실천하고 싶었다. 모든 어린이가 따뜻한 연말을 맞이하는 데 조금이라도 도움이 된다면 좋겠다”라고 전했다.조미진 유니세프 한국위원회 사무총장은 “연말을 맞아 어린이들에게 특별한 선물을 보내 주신 재민 님과 팬분들께 진심으로 감사드린다”라며 “보내주신 기금은 전쟁, 재해, 빈곤 등으로 혹독한 겨울을 보내고 있는 지구촌 어린이들을 위해 소중하게 사용하겠다”라고 말했다."
NCT,2025-01-07 10:40:12,"게임업계, 새해 ‘팝업’ 개최로 분주…‘던파부터 엔씨티존까지’",https://n.news.naver.com/mnews/article/396/0000697351?sid=105,"‘던전앤파이터 스노우메이지 in 강남’ 체험존 모습. 넥슨 제공    게임사들이 새해부터 게임 지식재산권(IP)을 활용한 팝업스토어를 개최하며 바쁜 1월을 보내고 있다. 유저들과의 접점을 확대하기 위해서다.     7일 업계에 따르면 넥슨, 111퍼센트 등 게임사들이 새해 첫 팝업 행사를 진행한다.      팝업은 게임업계의 주요 홍보 수단으로 자리잡고 있다. MZ세대의 ‘덕질’ 문화를 겨냥해 새로운 이용자를 유입할 수 있고, 현장에서만 구매 가능한 한정판 굿즈 등을 판매해 유저들의 소장 욕구를 자극해 추가 수익 창출이 가능하다.     넥슨은 올해 20주년을 맞는 벨트 스크롤 액션 역할수행게임(RPG) ‘던전앤파이터’의 오프라인 행사를 마련한다. 게임 속 새 시즌인 중천 업데이트를 기념해 오는 17일부터 25일까지 ‘던전앤파이터 스노우메이지 in 강남’ 팝업을 운영한다. 9일 업데이트될 중천은 환란의 땅에서 모험가들을 기다리는 사도 ‘디레지에’에 맞서 본격적인 모험이 펼쳐지는 무대다. 던파 본연의 재미를 재정립하고, 확장에 중점을 둔 신규 콘텐츠와 파밍 시스템이 추가된다.      팝업에 방문하는 유저들은 여마법사의 눈사람 모양 아바타를 본뜬 스노우메이지 콘셉트로 꾸며진 공간에서 새해 소망 카드 받기, 종말 펀치 게임, 다 같이 돌자 이내 한 바퀴, 파핑파핑 애쥬어 메인, 크레인 게임 등 다양한 체험 콘텐츠를 통해 중천을 경험하고, 다채로운 굿즈를 만나볼 수 있다. 방문객 모두에게는 파핑파핑 8비트 세니르 크리쳐 쿠폰이 지급되며, 사전 예약 방문객에게는 스노우메이지 타포린백이 추가로 증정된다.  



   ‘운빨존많겜’ 새해 첫 팝업 홍보 이미지. 111퍼센트 제공     111퍼센트는 10일부터 19일까지 열흘간 스타필드 수원 1층 타워 아트리움에서 타워 디펜스 게임 ‘운빨존많겜’의 새해 첫 공식 팝업을 운영한다.     팝업은 새해를 맞아 신년 ‘운빨’을 확인할 수 있는 ‘운빨 제작소’ 콘셉트로 진행된다. 체험형으로 운영되는 운빨 제작소존에서는 ‘2025년 나와 함께 할 운빨 귀인 캐릭터’를 찾고, 신년 운빨을 확인하면 즉석에서 제작된 운빨 부적 카드를 선물로 증정한다. 또 다양한 운빨용병단 캐릭터로 제작된 와펜을 활용해 나만의 DIY 복주머니 파우치도 만들어 볼 수도 있다.      한정판 굿즈를 만나볼 수 있는 운빨 스토어에서는 운빨용병단의 다양한 캐릭터를 굿즈로 만나볼 수 있다. 인형 쿠션, 인형 키링, 바디 필로우, 장패드, 탁상시계 등 새롭고 다채로운 굿즈 상품들이 마련되며, 특히 신년 운빨을 상승시켜주는 ‘운빨 대박템’들도 만나볼 수 있다. 이 밖에도 팝업에서는 운빨용병단의 인기 캐릭터들과 함께 사진을 찍을 수 있는 포토존은 물론 운빨 팬아트 전시도 함께 진행된다.     



   ‘엔씨티존(NCT ZONE) 1주년 팝업스토어 내 케이크 조형물과 체험존 모습. 테이크원컴퍼니 제공    아이돌 게임 전문 개발사 테이크원컴퍼니는 NCT 시네마틱 어드벤처 게임 ‘엔시티존(NCT ZONE)’의 서비스 1주년을 맞아 20일까지 서울 지하철 2호선 성수역 3번 출구 인근에 위치한 무신사 스퀘어 성수 4에서 팝업을 운영한다.      5일부터 진행되고 있는 팝업은 축하 파티 콘셉트를 메인으로, 게임 내 소셜네트워크게임(SNG) 콘텐츠인 ‘네오존’의 다양한 오브제를 픽셀로 표현해 디자인됐다. 이를 통해 관람객들은 마치 게임 속에 들어온 것만 같은 몰입감을 느낄 수 있다.     현장에는 거대 케이크 조형물을 활용한 ‘메가 오브제 포토존’, 게임만의 독점 MD상품을 판매하는 ‘신기루 상점’, 1주년 파티 분위기를 한껏 북돋을 ‘럭키드로우 존’, 1주년 감사 인사를 전하는 NCT의 게임 독점 메시지 영상 등 다채로운 체험과 감상형 콘텐츠가 마련돼 있다. 또 1주년을 기념해 제작된 아크릴 포토 스탠드와 시리얼 볼, 증명사진 키링과 카드 커스텀 스티커 등 아티스트 초상이 활용된 상품을 비롯해 NCT 멤버들의 프레임이 반영된 네 컷 사진 포토부스 등 엔씨티존을 또 다른 방식으로 즐길 수 있는 콘텐츠도 준비돼 있다.     신정원 기자 garden1@sportsworldi.com"
NCT,2025-01-05 09:01:13,‘프로 데뷔러’ NCT 마크,https://n.news.naver.com/mnews/article/037/0000035551?sid=103,"[미묘의 케이팝 내비]



다양한 활동을 선보이는 NCT 마크가 싱글 ‘프락치’를 내놓았다. [SM엔터테인먼트 제공] ‘프락치(Fraktsiya)(Feat. 이영지)’. NCT의 래퍼 마크(MARK)가 내놓은 싱글 제목이다. 요즘 같은 시국에 조금은 흠칫하게 되는 이 제목은 노래에서 마크가 자신을 지칭하는 표현이다. 그는 여러 개의 팀에서 동시에 활동하고, K팝과 힙합의 경계를 넘나드는 다중 정체성을 가진 아티스트다. 피처링으로 참여한 이영지 역시 래퍼이면서 K팝 신에 밀접한 행보를 보이는 인물이다.‌마크는 팬들에게 동경과 걱정이 섞인 응원을 받고 있다. 2016년 NCT U의 ‘일곱 번째 감각’으로 데뷔한 그는 이후 NCT 127, NCT DREAM, 그리고 소속사 연합팀인 ‘슈퍼엠(SuperM)’에도 멤버로 참여했다. 심지어 NCT DREAM은 한 번 그를 ‘졸업’시켰다가 재영입하기도 해서 마크가 없는 NCT 유닛을 찾는 게 더 쉬울 지경이었다. ‘프로 데뷔러’라는 별명까지 생겼다. 게다가 그가 참여한 팀들은 동시에 활동할 때도 많아, 그에게는 일반적으로는 상상하기 힘든 살인적인 스케줄이 주어지게 마련이었다.‌‘프락치’는 그런 그에 관한 이야기다. 그만큼 바쁘고 복잡한 커리어에는 이유가 있단다. 충분히 해낼 만하기 때문이라는 것이다. 빼어난 래퍼로 유명한 마크지만, 오랜만에 곡 전체에서 랩을 원 없이 쏟아내는 트랙이다. 복잡하게 쪼개지는 날렵한 비트 위를 노닐더니 그의 목소리 외에는 박자감을 상실한 것 같은 허공에 들어섰다가 직선적인 하우스 비트에서 힘차게 날뛴다. ‘K팝적’이라고 해야 할 만큼 변화도 크고 효과적이다. 퉁명스러운 듯이 중얼거리고 얄밉게 물러섰다가 날카롭게 쏘아붙이는 톤의 변화도 듣는 즐거움을 더한다. 가사도 ‘세 팀 활동하면서 최고의 솔로 앨범까지 만드는 사람 있으면 말해봐’, (너무 바빠서, 소속사인) ‘SM도 나를 기다려야 해’ ‘케이팝은 다 나를 지켜봐라’ 등 귀가 번뜩이게 하는 대목이 곳곳에서 자꾸만 튀어나온다. 후반 이영지의 속 시원한 래핑도 반갑기 그지없다.바쁨을 즐기는 아티스트“왜 다들 내가 쓸어 간다고 하는지 모르겠어. 난 느긋하게 즐기러 왔는데(Why all they think I’m a robber / I came to chill)” 같은 구절은 이 곡을 잘 함축한다. 마크의 바쁨은 실력이 있어서고, 해낼 만해서라는 것이다. 곡은 다중 생활을 유지하는 ‘프락치’의 정신없고 기민한 삶에 빗대어 이를 유쾌하게, 그리고 피부에 와 닿게 전달한다. 듣는 즐거움을 빼곡하게 담아둔 덕에 그의 바쁨을 청자로서 즐기게 되는 곡이기도 하다. 노동권 측면에서 아주 윤리적이지만은 않을지 모르겠지만, 본인이 즐긴다는 말을 핑계 삼아보고 싶어지기도 한다. ‘프로 데뷔러’가 정식 솔로 데뷔를 ‘또’ 할 거라는데, 그 기대감을 한껏 높이는 곡이니 말이다."
NCT,2024-12-26 15:58:24,"테이크원컴퍼니, NCT존 1주년 기념 대규모 업데이트",https://n.news.naver.com/mnews/article/092/0002357792?sid=105,"서비스 1주년 맞아 신규 요원 ‘NCT 위시’ 및 신규 콘텐츠 업데이트테이크원컴퍼니(대표 정민채)는 26일 NCT의 시네마틱 어드벤처 게임 ‘NCT존’ 서비스 1주년을 맞아 신규 요원 ‘NCT 위시’ 합류 및 대규모 콘텐츠 업데이트를 실시한다고 밝혔다.이번 업데이트를 통해 추가되는 신규 요원인 NCT 위시는 올해 2월 데뷔 후 맑고 청량한 매력으로 전 세계 팬들에게 긍정적인 힐링 에너지를 전파하고 있는 만큼 게임 NCT존에도 새로운 활력을 불어넣을 것으로 기대된다.신규 요원과 함께 기존 ‘NCT 127’, ‘NCT 드림’, ‘WayV’를 포함한 모든 NCT 각 그룹의 새로운 테마 ‘화이트 요원’도 추가된다. 이번 요원복은 화사한 화이트 색상에 격식과 통일감이 더해진 제복 스타일로, 기존 진중한 이미지의 블랙 요원복과는 다른 반전 매력을 감상할 수 있다.



NCT존 화이트 요원 업데이트새로운 게임 콘텐츠도 대거 추가된다. 먼저 NCT 위시가 게임 세계관에 자연스레 녹아들 수 있도록 이벤트 스테이지가 추가된다. 이벤트 스테이지는 내년 1월 30일까지 오픈 예정인 기간 한정 콘텐츠로 NCT 멤버들의 지원 요청을 받아 네오존에 파견된 신규 요원 NCT 위시가 정식 요원으로 합류하는 과정에서 발생한 에피소드를 비주얼 노벨 형식으로 즐길 수 있다.더불어 스토리 분기점에서 유저가 선택한 결과를 감상하고 멤버들과 교감할 수 있는 콘텐츠 ‘몽중몽’에도 NCT 위시의 이야기가 새롭게 추가되는 등 다양한 신규 콘텐츠가 업데이트된다.박향미 NCT존 개발 본부장은 “‘지난 1년간 보내준 유저 및 팬 분들의 관심과 사랑에 진심으로 감사드린다”라며 “앞으로도 NCT의 색다른 매력을 지속적으로 선보여 더욱 사랑받는 게임으로 거듭나도록 최선을 다할 것”이라고 강조했다."
NCT,2024-12-24 08:38:14,"NCT 재민, 팬클럽 이름으로 유니세프 한국위원회에 1억 원 기부",https://n.news.naver.com/mnews/article/023/0003878330?sid=004,"NCT 재민이  팬클럽 ’NCTzen DREAM’이름으로 유니세프 한국위원회에 1억 원을 기부했다. /사진제공=SM엔터테인먼트										유니세프 한국위원회(회장 정갑영)는 NCT 재민이 팬클럽 ‘NCTzen DREAM’ 이름으로 지구촌 어린이를 지원하는 기금1억 원을 기부했다고 24일 밝혔다.이번 기금은 지난 6월 NCT 재민의 첫 개인 사진전 ‘나르시시즘-재민 퍼스트 이그지비션(NARCISSISM– JAEMIN 1st EXHIBITION)’에서 ‘NCTzen DREAM’이 마련한 액자 판매 수익금으로 조성됐다.재민은 “팬들의 소중한 사랑에 보답하고자 팬들과 함께 뜻깊은 일을 실천하고 싶었다”면서 “모든 어린이가 따뜻한 연말을 맞이하는 데 조금이라도 도움이 된다면 좋겠다”라고 전했다.재민은 이에 앞서 2018년 유니세프 한국위원회와 함께 베트남 하노이 및 콘툼 지역을 방문해 소외 계층 어린이의 음악 교육 지원 사업을 함께한 바 있다.SM엔터테인먼트는 2015년부터 유니세프 한국위원회와 사회공헌 헙약을 맺고 베트남·필리핀 소외계층 어린이의 음악 교육 사업을 10년째 지원해 오고 있다.NCT DREAM 팬클럽 ‘NCTzen DREAM’의 이름으로 전달된 이번 기금은 전쟁과 자연재해로 힘겨운 겨울을 보내고 있는 전 세계 어린이들의 따뜻한 겨울나기에 전액 지원될 예정이다.조미진 유니세프 한국위원회 사무총장은 “연말을 맞아 어린이들에게 특별한 선물을 보내 주신 재민 님과 팬분들께 진심으로 감사드린다”라며 “보내주신 기금은 전쟁, 재해, 빈곤 등으로 혹독한 겨울을 보내고 있는 지구촌 어린이들을 위해 소중하게 사용하겠다”라고 말했다."
라이즈,2025-01-01 11:24:12,지역과 대학 동반 성장 위한 '서울형 라이즈' 막바지 준비에 박차,https://n.news.naver.com/mnews/article/014/0005289726?sid=102,"서울시 지역혁신중심 대학지원체계 공청회 모습. 서울시 제공[파이낸셜뉴스] 서울시가 올해부터 전국에서 추진되는 '지역혁신중심 대학지원체계(Rise, 라이즈)' 본격 시행을 앞두고 막바지 준비에 속도를 내고 있다.   서울시는 대학을 지원하기 위해 민·관·학 기반의 최고 의사결정 기구로 ‘서울혁신대학지원위원회(서울라이즈위원회)’를 최근 구성했다고 1일 밝혔다.   오세훈 시장은 지난해 6월 대학이 서울의 미래 성장동력이라는 비전 아래 ‘대학과 함께하는 서울 미래 혁신성장 계획’을 발표한 바 있다. 이후 시는 라이즈 사업 추진을 위한 기본계획 태스크포스(TF) 구성하고, 서울 소재 대학 대상 공청회를 개최하는 등 의견을 수렴해왔다.   라이즈는 지역과 대학의 동반성장을 목표로, 지역 수요를 반영한 대학의 혁신을 통해 궁극적으로 대학의 경쟁력을 지역발전으로 연결시키는 지역혁신중심 대학지원체계이다.   시가 교육부에 제출한 서울형 라이즈 기본계획은 △글로벌 대학 경쟁력 강화 △서울 전략산업 기반 강화 △지역사회 동반성장 △평생·직업교육 강화 △대학창업육성 등 5대 프로젝트 기반 12개 핵심 단위과제로 구성된다.   시는 대학 주도로 프로젝트와 단위 과제들을 유기적으로 조합하고 설계함으로써 대학과 지역의 동반성장을 꾀한다는 방침이다.   이번에 구성된 서울혁신대학지원위원회에는 서울시 관계 실·국장, 출연기관장, 대학 총장, 민간 전문가 총 20명이 참여하며, 서울시장과 대학 총장 1인이 공동위원장을 맡아 운영한다. 위원 임기는 3년이며, 중임이 가능하다.   시는 이달 교육부의 국비 지원예산이 확정되는 대로, 서울시 라이즈 5개년(2025~2029년) 최종 계획과 참여 대학 선정 공모 계획 등을 논의하기 위해 서울혁신대학지원위원회를 개최할 예정이다.   이와 함께 라이즈 참여 대학의 원활한 사업 추진을 체계적으로 지원하기 위한 '서울라이즈센터'가 서울연구원에 설립돼 이날 정규조직으로 출범했다.   서울라이즈센터에서는 서울시-대학-기업 혁신 비전과 목표 달성을 위한 정책 발굴, 라이즈 실행계획 수립 및 정책사업 수행, 대학과 기업의 협력 네트워크 구축, 라이즈 성과 분석 등의 작업이 이뤄진다.   서울시는 ""대학이 보유한 자원과 가치를 최대한 활용해 서울의 전략산업 생태계를 육성하고, 대학 주도의 지역 활성화를 통해 전국 라이즈 사업의 선도 모델로 자리매김하겠다""고 말했다. #서울시 #대학 #라이즈"
라이즈,2024-12-27 16:00:03,2년 준비끝…지역혁신중심 대학지원체계 '라이즈' 지원전략 확정,https://n.news.naver.com/mnews/article/001/0015128909?sid=102,"시도별 기본계획 최종본 제출…이주호 ""지역-대학 동반성장 혁신플랫폼""



인사말 하는 이주호 부총리(서울=연합뉴스) 이주호 사회부총리 겸 교육부 장관이 10일 서울 중구 한국프레스센터에서 열린 제1차 라이즈위원회에서 인사말을 하고 있다. 2024.7.10 [교육부 제공. 재판매 및 DB 금지] photo@yna.co.kr(세종=연합뉴스) 고상민 기자 = 대학과 지역의 동반성장을 추구하는 '지역혁신중심 대학지원체계'(라이즈·RISE)' 지원전략이 2년간의 준비 끝에 완성됐다.    교육부와 라이즈위원회는 27일 제4차 라이즈위원회를 열어'17개 시도별 라이즈 기본계획에 대한 지원전략'을 확정했다.    지원전략은 추진체계 구축·운영, 계획 수립, 사업 운영 방식, 성과관리 체계 구축 등 4개 영역으로 구성됐다.     영역별 주요 내용은 ▲ 지역 내 협력적 거버넌스 구축 ▲ 지역별 특색 있는 종합계획 수립 ▲ 지역과 대학의 사업 자율성 강화 ▲ 지역의 자율성과 책임에 기반한 성과관리 체계 운영 등이다.     라이즈는 대학 재정 지원사업 예산 집행권을 중앙정부에서 지방자치단체로 넘기는 체제로, 내년부터 전국에서 시행된다.     총 2조10억원의 예산이 국회에서 확정됐으며 국비 대비 20% 이상의 지방비 편성도 진행 중이다. 내년도 최종 사업비 규모는 2조4천억원 내외가 될 전망이다.    교육부는 지난해 2월 라이즈 구축방안을 발표한 이후 전국 17개 시도 및 대학과 소통해왔다.     17개 시도는 지역 대학과 라이즈 기본계획(2025∼2029년)을 협의해왔으며 지역라이즈위원회 등의 심의를 거쳐 시도별 기본계획 최종본을 교육부에 제출했다.     각 시도는 내년 1분기부터 연도별 시행계획 수립해 사업을 수행할 지역대학 선정 등 라이즈를 본격적으로 추진한다.     이주호 부총리 겸 교육부 장관은 ""약 2년의 준비를 거쳐 지역과 대학의 혁신플랫폼인 라이즈가 2025년 전국에서 시행된다""며 ""지자체와 지역대학이 힘을 합쳐 자율적이고 주도적인 혁신을 추진할 수 있도록 라이즈위원회를 중심으로 범부처가 힘을 모으겠다""고 말했다.    gorious@yna.co.kr"
라이즈,2025-01-01 14:09:14,대학·도시 동반성장 이끄는 ‘서울형 라이즈’ 출범 막바지,https://n.news.naver.com/mnews/article/081/0003507929?sid=100,"올해 본격화하는 ‘지역혁신중심 대학지원체계(라이즈)’ 시행을 앞두고 서울시가 사업 기본계획 수립, 위원회 구성 등 막바지 준비를 하고 있다고 1일 밝혔다.서울시는 민관학 기반의 최고 의사결정 기구로 ‘서울혁신대학지원위원회’ 구성을 지난달 19일 완료했다.



서울시 제공라이즈(RISE)는 지역과 대학의 동반성장을 목표로 대학의 경쟁력을 지역발전으로 연결시키는 지역혁신중심 대학지원체계이다. 서울시는 지난해 대학이 서울의 미래 성장동력이라는 비전 아래 ‘대학과 함께하는 서울 미래 혁신성장 계획’을 발표했다.서울혁신대학지원위원회에는 서울시 관계 실·국장, 출연기관장, 대학 총장, 민간 전문가 총 20명이 참여한다. 서울시장과 대학 총장 1인이 공동위원장을 맡아 운영한다. 위원 임기는 3년이며, 중임이 가능하다.아울러 시는 이달 교육부의 국비 지원예산이 확정되는 대로, 서울시 라이즈 5개년 최종 계획과 참여 대학 선정 공모 계획 등을 논의하기 위해 서울혁신대학지원위원회를 개최할 예정이다.오균 서울라이즈센터장(서울연구원장)은 “올해부터 본격적으로 추진될 라이즈 사업은 전례 없는 도전이지만, 서울시와 대학이 협력해 지역 발전에 집중하고 혁신에 최우선적으로 투자한다면, 서울 라이즈 사업은 반드시 성공할 것”이라고 했다."
라이즈,2024-12-27 16:03:25,내년 지역·대학 동반 성장 '라이즈' 전국 시행…국고 2조 투입,https://n.news.naver.com/mnews/article/421/0007990750?sid=102,"지역 특색과 정책 수요·강점 고려, 주요 추진과제 시행범부처 차원 라이즈 5년 지원 '라이즈 지원 전략' 확정



이주호 사회부총리 겸 교육부 장관이 10일 서울 중구 한국프레스센터에서 열린' 제1차 라이즈(지역혁신중심 대학지원체계·RISE)위원회'에서 인사말을 하고 있다. . (교육부 제공) 2024.7.10/뉴스1(서울=뉴스1) 이유진 기자 = 내년부터 전국 모든 시·도 지역에서 지역혁신중심 대학지원체계(RISE)를 시행한다. 지역인재양성과 취·창업 및 정주 생태계를 구축하고 대학과 지역의 동반성장이라는 목표를 위해 각 지역별로 특색을 살려 정한 추진 과제들이 실시된다. 교육부는 27일 '제4차 라이즈위원회'를 열고, 17개 시도별 라이즈 기본계획 주요 내용과 라이즈 지원전략 등을 논의했다고 밝혔다. 내년 라이즈의 전국 시행에 앞서 교육부는 올해 5월 17개 모든 시도가 시·도청 내 대학 관련 업무 담당 부서를 정비하고 지역라이즈센터를 지정하도록 했다. 이달 10일엔 2025년 국고 예산 총 2조 10억 원을 국회에서 최종 확정했고 국비 대비 20% 이상의 지방비도 편성했다. 내년도 최종 사업비 규모는 약 2조 4000억 원 내외가 될 예정이다. 지역의 라이즈 추진을 전폭적으로 지원하기 위한 전략을 담은 범부처 차원의 5개년 기본계획인 '라이즈 지원 전략'도 이번 라이즈위원회 심의를 통해 확정됐다.라이즈 추진체계의 핵심인 협력적 거버넌스 구축을 지원하고 각 지역이 특색있고 완성도 높은 종합계획으로서 라이즈 기본계획을 수립할 수 있도록 지원한다는 내용 등이 담겼다.시도는 내년 1분기부터 시도별 라이즈 기본계획에 따른 연도별 세부시행계획 수립, 사업을 수행할 지역대학 선정 등 절차를 순차적으로 진행하는 등 라이즈를 본격적으로 추진한다.모든 시도는 지난해부터 지역대학과 일대일 간담회, 공청회, RIS·링크(LINC) 등 라이즈로 통합되는 사업별 소통회 등을 통해 적극 협의해 라이즈 기본계획(2025~2029)을 수립했다. 이후 교육부와 라이즈위원회의 자문(컨설팅) 등을 거치며 계획을 지속 보완했고 최고 의사결정기구인 지역라이즈위원회 등의 심의를 거쳐 추진 과제들이 확정됐다. 시도별 라이즈 기본계획은 '지역인재양성-취·창업-정주 생태계 구축' 비전과 '대학과 지역의 동반성장'이라는 정책 목표를 기반으로 구성됐다. 특히 지역의 특색과 정책 수요, 지역대학이 기존 재정지원사업 등을 통해 축적한 강점·특성화 분야 등을 고려해 다양한 과제들이 마련됐다. 이주호 부총리 겸 교육부 장관은 ""라이즈를 통한 지역 혁신으로 지역과 대학이 동반성장할 것으로 기대한다""며 ""지역의 사정을 가장 잘 아는 지자체와 지역대학이 힘을 합쳐 자율적이고 주도적인 혁신을 추진할 수 있도록 라이즈위원회를 중심으로 범부처가 힘을 모아 적극 지원하겠다""고 말했다. 김헌영 라이즈위원회 위원장은 ""지역혁신은 지자체뿐만 아니라 대학과 지역의 다양한 혁신 주체들이 협력할 때 효과적으로 이루어질 수 있다""며 ""라이즈의 현장 안착과 조기 성과 창출을 적극적으로 추진하겠다""고 전했다."
라이즈,2025-01-06 10:16:18,"딥핑소스, 일본·북미서 AI 리테일테크 성과 탄력…사업 확장 박차",https://n.news.naver.com/mnews/article/018/0005919216?sid=101,"2024 넥스트라이즈 수상 및 CU와 AI 기술 제휴로 국내 입지 강화일본과 북미 시장에서 지속 성장, 매출 50% 이상 해외서 달성“골목상권·전통시장까지 사업 영역 확장할 것”[이데일리 김세연 기자] 인공지능(AI) 소매 유통 분석(리테일테크) 전문기업 딥핑소스가 해외 성과를 기반으로 새해 사업 영역 확장에 박차를 가한다.



딥핑소스의 기술 ‘플러스인사이트’.(사진=딥핑소스)딥핑소스는 자사의 AI 솔루션을 다양한 오프라인 상권으로 확대하는 등 2025년 주요 전략을 6일 공개했다. 그간 롯데월드와 CU 등 대형 유통사에서 입증한 기술력을 대형 상권과 전통시장 등 오프라인 매장에 적용하겠다는 계획이다. 개인정보 보호와 AI 분석의 균형을 맞춘 맞춤형 솔루션을 통해 소상공인들의 데이터 기반 과학적인 매장 운영을 돕는 식이다. 이외에도 △일본·북미 시장 성장 가속화 △매장 데이터 기반 신규 비즈니스 모델 개발 등이 주요 전략으로 제시됐다.특히 해외 시장에서의 성과가 돋보인다. 2024년 전체 매출의 50% 이상을 일본에서 달성했으며 유통·엔터테인먼트·전시 등 다양한 산업군으로 영역을 확장했다. 북미시장에서도 리테일 매장의 인력난 해소를 위한 자동화 솔루션을 성공적으로 공급했다.김태훈 딥핑소스 대표는 “2025년에는 일본과 북미 시장에서의 입지를 더욱 강화하며 비용 효율성과 기술 혁신의 균형을 맞추는 데 주력할 것”이라며 “딥핑소스는 2025년에도 AI 리테일테크 시장에서의 혁신을 주도하며, 대형 유통사부터 전통시장까지 모든 형태의 오프라인 매장의 디지털 전환을 지원하는 데 최선을 다할 것”이라고 새해 포부를 밝혔다.한편 딥핑소스는 매장 내 고객 개인정보를 보호하면서도 운영 효율성을 극대화하는 기술을 선보이고 있다. 기술력을 인정받아 지난해에는 국내 최대 글로벌 스타트업 페어 ‘넥스트라이즈 2024’에서 ‘탑 이노베이터상’을 수상했다. 수상작인 ‘플러스인사이트’(PlusInsight)는 프라이버시 침해 우려 없이 매장 내 동선과 재고를 실시간 분석하는 혁신적인 보안 구조를 구현해 높은 평가를 받았다."
라이즈,2025-01-05 08:48:15,"경기도, 반도체·AI·바이오 미래성장산업 인재 등 5만5000명 양성",https://n.news.naver.com/mnews/article/119/0002910603?sid=102,"김동연표 지역-대학 상생협력 밑그림 ‘경기도 라이즈 계획’ 확정5년간 4960억 투입…경기G7선도인재 3만·지역산업 실무인재 2만5000명



지난해 12월에 열린 경기도 RISE추진계획 사전설명회 모습ⓒ[데일리안 = 윤종열 기자] 경기도가 미래성장산업 선도인재 3만명 양성, 산학협력 공동연구 750건 수행, 미래성장산업 새싹기업 100개사 육성 등을 담은 '김동연표 대학 종합지원 중장기 청사진'을 확정했다.도는 지역혁신중심 대학지원체계(RISE)의 구체적인 실행 방안을 담아 4대 프로젝트, 16개 단위과제로 구성된 ‘경기도 라이즈(RISE) 계획’을 경기도RISE위원회 심의를 거쳐 최종 확정했다고 5일 밝혔다.경기도 라이즈 계획의 비전은 ‘지산학 협력으로 동반성장하는 글로벌 혁신 수도, 경기도’로 설정했다.주요 프로젝트는 △경기 G7 미래성장산업 육성 △경기 지역혁신클러스터 육성 △생애-이음형 평생직업교육 혁신 △지산학 상생·협력 동반성장 실현으로 선정했다.이에 따라 도는 올해부터 2029년까지 매년 약 992억원씩, 5년간 모두 4960억원을 투입한다.도는 이를 통해 매년 반도체·AI빅데이터·첨단모빌리티·바이오·신재생에너지·양자·디지털전환 등 경기도 7대 미래성장산업(G7) 선도인재 6000명, 지역산업 실무인재 5000명 등 5년간 5만5000명을 집중 양성한다.기업 기술경쟁력을 강화하기 위한 대학-기업 공동연구도 150건씩 5년간 750건을 수행할 계획이다.대학을 혁신기술의 창업기지로 해 미래성장산업(G7) 스타트업 20개사씩 100개 육성하고, 지역 수요 맞춤 전문인력 200명씩 1000명과 재직자 400명씩 2000명 교육을 통해 성인학습자들의 지속적인 경력개발과 재직자 배움 수요를 충족시킬 예정이다.특히 경기북부 특화산업과 산업구조 고도화를 위한 특화 과제를 수립하고 이를 발판으로 경기 북부의 성장동력 창출을 통한 남북부 균형발전을 꾀할 방침이다.이와 더불어 5년간 초광역 산학연 공동협력 프로그램 25건 발굴·운영을 통해 비수도권 지역과의 산업격차 해소와 상생발전에 공헌하고 대한민국 균형 발전에 일조할 것으로 기대된다.도는 계획 수립을 위해 올해 초부터 5번의 의견수렴 과정을 거쳤다.또 ‘경기도RISE협의체’를 구성해 여러차례 자문·협의를 실시하고, 4월과 12월에는 설명회를 개최하는 등 대학과 시군, 교육청 등과 적극적인 소통과 공감대 형성을 바탕으로 계획을 지속 수정·보완했다.이성호 경기도 미래성장산업국장은 “경기도는 세계 최대 첨단산업들이 모여있는 글로벌 혁신의 중심지로서, 지속가능한 혁신성장 선순환 체계 구축을 위해 도내 대학들과의 긴밀한 협력이 그 어느 때보다 중요한 시점”이라며 “경기도만의 독자적인 라이즈 추진으로 세계 기술패권 경쟁에서 대한민국의 주도권 확보를 위해 최선을 다하겠다”고 말했다."
라이즈,2024-12-27 17:08:14,"울산시, 라이즈 기본계획 수립…""지역-대학 동반 성장""",https://n.news.naver.com/mnews/article/079/0003975202?sid=102,"울산시청. 이상록 기자울산시는 내년부터 본격 시행되는 '지역 혁신 중심 대학지원체계(RISE)'의 성공적 운영을 위해 '울산광역시 라이즈 기본계획(2025년~2029년)'을 수립했다고 27일 밝혔다. 이 계획은 울산형 대학혁신 선도 모형 구축을 통해 지역 인재 육성, 취·창업 지원, 정주 생태계를 조성하면서 진정한 지방시대를 실현하는 것을 목표로 한다. 계획에는 내년부터 오는 2029년까지 5개년에 대한 중장기 계획이 담겨 있다. 또 '대학과 산업의 동반성장을 통한 미래산업 중심도시로의 새로운 도약'이라는 비전 아래 4대 사업과 12대 단위 과제로 구성됐다. 4대 사업은 지역혁신 인재를 양성하는 브레인(BRAIN) 대학(2개 과제), 지역과 상생하는 브릿지(BRIDGE) 대학(3개 과제), 혁신 모형을 확산하는 국가대표 브랜드(BRAND) 대학(3개 과제), 매력적인 도시로의 변화를 촉진하는 부스터(BOOSTER) 대학(4개 과제) 등이다. 울산시는 4대 혁신전략을 통해 지역 정주형 인재 양성, 지‧산‧학‧연 협력 생태계 구축, 직업‧평생교육 혁신, 지역 현안 해결 등 4대 성과 목표를 달성해 나갈 계획이다. 울산시는 12대 단위과제 중 지역혁신 선도 맞춤형 융합인재 양성, 지역 산업단지 고위험 복합재난 대응 안전교육 체계 기반 구축을 대표 과제로 선정해 중점 추진한다. 김두겸 울산시장은 ""산업도시 울산의 특성과 지역대학의 강점과 특성화를 고려한 5개년 계획을 수립으로, 지역과 대학이 동반성장하기 위한 첫걸음을 뗐다""며 ""내년부터 라이즈 계획의 다양한 과제 추진으로 '지역인재-취·창업-정주' 생태계를 구축하겠다""고 말했다.※CBS노컷뉴스는 여러분의 제보로 함께 세상을 바꿉니다. 각종 비리와 부당대우, 사건사고와 미담 등 모든 얘깃거리를 알려주세요.이메일 : jebo@cbs.co.kr카카오톡 : @노컷뉴스사이트 : https://url.kr/b71afn"
라이즈,2025-01-06 00:09:37,[사설] 대학·지역 상생 기반 마련 기회,https://n.news.naver.com/mnews/article/654/0000100167?sid=110,"-지역혁신 중심 대학 지원 본격화 발전 기대대학과 지역 간 동반 성장을 목표로 하는 지역혁신 중심 대학 지원체계(라이즈 체계)가 올해부터 본격 시행됩니다. 강원형 라이즈 체계의 핵심 과제는 대학이 없는 지자체에도 대학 자원을 공유하도록 하는 것이어서 지역의 관심이 높습니다. 그동안 도내 대학과 지자체의 협력과 연대는 다수의 대학과 연구기관이 있는 춘천과 원주, 강릉 등 빅3 도시를 중심으로 이루어졌으나, 지원 체계 운영으로 18개 시군이 모두 협력 시스템에 참여할 수 있어 지역 발전에 도움이 될 전망입니다.교육부와 라이즈 위원회는 최근 서울에서 '제4차 라이즈 위원회'를 개최하고 강원을 비롯한 17개 시도별 라이즈 기본 계획 주요 내용을 발표했습니다. 이번 강원 라이즈 체계 비전은 '대학-지역이 함께 만드는 미래산업 글로벌 도시'입니다. 이를 위한 전략으로는 5개의 프로젝트와 13개의 세부 단위 과제가 제시됐습니다. 이 가운데 강원도가 대표 과제로 선정한 비전은 '지-랩(G-Lab) 기반 강원 엘알에스(LRS) 공유 대학' 운영입니다. 지-랩(G-Lab)은 강원 도내 시군이 처한 문제를 발굴하고, 이를 해결하는 공동연구 플랫폼을 뜻하며 LRS(Learning Record System)는 통합 학습 기록 시스템입니다.현재 도내 18개 시군 중 11곳에 대학이 없습니다. 강원 지역 라이즈 체계는 지자체 수요를 반영한 지-랩 기반의 개인 맞춤형 LRS 공유대학(공동 교육 과정) 고도화를 통해, 그동안 일부 지역에 집중돼 있던 도내 대학 자원을 18개 시군 전 지역에서 활용할 수 있도록 강원형 대학도시 네트워크를 조성할 계획입니다.대학 지원체계 운영은 지역의 미래 성장 동력을 마련하고, 정책 아이디어를 개발하는 통로가 생겼다는 점에서 의미가 작지 않습니다. 또한 수요 맞춤형 인력을 양성하고 산업을 성장시킬 기술을 확보할 것으로 기대합니다. 글로컬 앵커기업 육성을 통해 청년 일자리를 창출하고 정주 인구를 늘린다면 시너지 효과가 배가될 전망입니다. 창업은 물론, 기존 중소기업의 성장에도 크게 기여할 것으로 예상합니다.라이즈 체계는 지역과 대학이 서로의 위기를 함께 극복하자는 목적도 담고 있습니다. 협력을 통해 공동의 발전과 생존을 모색하는 계기를 만들어야 합니다. 단위 사업별 공조나 인력 지원에 머무르지 말고, 지역 상생의 큰 그림을 그리는 창구가 되기를 바랍니다.#라이즈 #지자체 #지원체계 #강원형 #그동안"
라이즈,2024-12-29 19:08:23,"“글로벌 인재, 허브도시 부산으로” 라이즈혁신원, 생태계 구축 돌입",https://n.news.naver.com/mnews/article/658/0000092672?sid=102,"부산형 Open UIC 기본계획내년 3월 본격 시행되는 ‘라이즈(RISE)’ 사업을 앞두고 부산은 글로벌 인재가 모이는 허브도시를 위한 ‘부산형 Open UIC(대학-산업계 협력)’ 조성을 기본계획으로 내세웠다. 이 사업을 전담하는 ‘부산라이즈센터’는 최근 ‘부산라이즈혁신원’으로 명칭을 변경하고 부산형 라이즈 생태계 구축에 돌입했다.



부산시청 전경. 국제신문DB교육부와 라이즈위원회는 지난 27일 ‘제4차 라이즈위원회’를 열고 전국 17개 시·도별 라이즈 기본계획 주요 내용 및 라이즈 지원 전략 등을 논의했다고 29일 밝혔다. 라이즈는 대학이 지역혁신의 중심이 되도록 지원해 지역과 대학이 처한 위기를 함께 극복하고, 동반성장을 도모하는 체계다.부산은 최근 교육부에 제출한 부산형 라이즈 기본계획에서 글로벌 인재가 모이는 허브도시로의 도약을 위해 부산형 Open UIC를 구축한다는 목표를 밝혔다. 대학과 기업 간 1대 1 구조의 산·학·연 협력방식을 대학·산업클러스터·금융기관 등이 함께하는 종합 연계형으로 전환해 시너지 효과를 극대화한다는 계획이다. 이를 통해 역량 있는 글로벌 혁신 인재들이 부산에 모여 일하고 정주하도록 한다는 구상이다.애초 부산과학기술고등교육진흥원(BISTEP·비스텝) 내 독립 부설기관으로 출범한 부산라이즈센터는 최근 부산라이즈혁신원으로 명칭을 바꿨다. 기존 지·산·학·연 생태계에 혁신의 바람을 일으키겠다는 취지다. 이는 17개 시·도 지역라이즈센터 중 첫 시도로, 부산의 선제적인 움직임을 다른 지역에서 예의주시하는 것으로 전해졌다.앞서 지난 10일에는 지역별 라이즈 사업 추진의 마중물이 될 내년 총예산 2조10억 원이 국회에서 최종 확정됐다. 국비 대비 20% 이상의 지방비 편성도 진행 중으로, 내년 라이즈 최종 사업비 규모는 약 2조4000억 원이 될 것으로 전망된다.이주호 부총리 겸 교육부 장관은 “라이즈를 통한 혁신으로 지역과 대학이 동반성장할 것으로 기대한다”며 “교육부는 지역의 사정을 가장 잘 아는 지자체와 지역대학이 힘을 합쳐 자율적이고 주도적인 혁신을 추진할 수 있도록 라이즈위원회를 중심으로 범부처가 힘을 모아 적극 지원하겠다”고 밝혔다."
라이즈,2025-01-07 14:01:12,"[에듀플러스]〈산학협력, 대학의 지형도 바꾼다〉②산학협력단, 시스템·양적 성장…기술이전사업화 등 한계점도 지적",https://n.news.naver.com/mnews/article/030/0003273816?sid=102,"산촉법 개정 20여년, 대학의 미래는?



.대학 산학협력단은 2003년 산업교육진흥법을 '산업교육진흥 및 산학협력촉진에 관한 법률(이하 산촉법)'로 개정한 이후 제도화됐다. 기술이전사업화 등이 한계점으로 지적되지만, 산학연관 협력의 플랫폼으로써 긍정적인 영향을 미쳤다는 평가가 많다. 20여년 가까이 이어 온 산학협력단의 현재와 앞으로 나아가야 할 방향을 짚어본다.산학협력단, 2003년 산촉법 개정으로 본격 제도화



2002년 김대중 정부 당시 '국가혁신체계 구축을 위한 산학연 협력 활성화 종합대책' 을 국무회의에서 논의했다. (자료제공=황홍규 서울과학기술대학교 미래융합대학 강사)“산촉법 개정 이전 우리나라 산학협력제도의 가장 큰 문제는 산학협력 계약 당사자를 누구로 하느냐와 산학협력에 따른 수입과 지출에 대한 별도의 회계를 어떻게 구성하느냐는 것이었어요.”2003년 대학 산학협력단 설립을 제도화한 산촉법을 추진한 황홍규 서울과학기술대학교 미래융합대학 강사의 말이다. 황 강사는 당시 교육부 인적자원정책국 조정 1과장으로 근무했다. 그는 “대학의 산학협력단은 2001년 9월, 김대중 정부 당시 공식적으로 제안됐다”면서 “대통령 주재 교육인적자원분야 장관 간담회에서 교육인적자원부, 과학기술부, 산업자원부 등 3개 부처 장관이 산학연협력 활성화 방안을 보고한 뒤, 교육인적자원부가 주관이 돼 관련 법안을 추진했다”고 회고했다.산촉법은 대학에서 나오는 모든 특허를 산학협력단이 소유할 수 있는 기틀을 마련했다. 1980년 미국에서 제정된 '대학 및 중소기업특허 절차법', 일명 베이돌 법(Bayh-Dole Act)의 영향이 컸다. 베이돌 법은 정부 과제의 성과물에 관한 특허를 연구기관이 가질 수 있도록 해 미국 대학의 지적재산 창출과 기술이전 활성화에 기여한 것으로 평가받았다.황 강사는 “대학 산학협력단이 만들어짐으로써 산학협력이 활성화될 수 있는 제도적 기반이 구축했다”면서 “이를 계기로 최소한 제도나 시스템 때문에 산학협력을 못 한다는 말은 안 나오게 됐다”고 평가했다.



2025년, 산학협력단 어디까지 와 있나그동안 대학의 산학협력단은 양적으로 크게 성장했다. 2003년 산촉법 시행 이후 10개에 불과하던 산학협력단 운영대학은 2023년 409개교로 급증했다.교육부와 한국연구재단이 지난 2일 발표한 '2024 대학 산학협력활동 조사보고서'에 따르면 2023년 산학협력단 운영대학은 전체 대학 409개 가운데 361개(일반대 218개·전문대학 143개)로 88.3%를 차지했다. 2023년 산학협력단(법인 기준) 수는 총 364개로, 일반대학 221개, 전문대 143개다.2023년 산학협력단 운영수익은 약 11조3000억원이었고 이 가운데 지원금 수익이 7조7003억원으로 전체 수익의 68.2%를 점했다. 전년과 비교했을 때 1조1358억원 늘었다. 2019년(7조4700억원)보다 산학협력, 지원금, 간접비, 전입 및 기부금, 운영 외 수익 등이 늘어 3조8157억원 증가했다.특허 출원 및 등록 현황도 증가 추세다. 2023년 국내 특허출원 실적은 전년 대비 8.6% 증가한 2만2612건이었다. 국내 특허 등록 실적은 1만903건으로 전년 대비 3.5% 늘었다. 해외 특허 (PCT 출원 포함) 또한 2023년 43.9%, 해외 특허등록 13.4%로 2009년 대비 증가 추세다.이와 함께 대학의 연구 성과물이 사회적 파급 효과를 갖게 된 점은 산학협력단 설립이 가져온 변화 중 하나로 꼽힌다. 지방 대학 산학협력단 관계자들은 산학협력단이 '지역 경제 활성화'의 마중물 역할을 해 왔다고 평한다. 장철성 강원대 산학협력단장은 “지역 특화 산업을 대학이 지원하며 지역 경제 활성화에 기여하고 기술이전과 창업 지원을 통해 새로운 일자리를 창출했다”며 “대학의 연구 성과가 지역 기업과 연결돼 지역의 기술 경쟁력을 높였다”고 설명했다.기술사업화 성과 내는 것 과제…라이즈 체계에서 산학협력단은?그러나 현재 대학 산학협력단의 한계도 명확하다. 산학협력단의 역할이 연구·개발(R&amp;D) 관리 등에 집중돼 있어 기술이전 사업화 기능을 적극적으로 하기 어렵다는 것이다. 실제로 기술이전의 경우 건수는 2023년 5966건으로 2002년(5287건) 대비 12.8% 늘었으나, 기술료 수입은 2022년 1419억1000만원에서 2023년 1078억7천만원으로 23.9% 감소했다. 앞으로 대학이 기술사업화에 대한 성과를 내는 것이 과제라고 지적이 나오는 이유다.이지훈 한국대학기술지주 사무총장은 “정부가 산업계 수요를 반영한 R&amp;D 뿐만 아니라, 도전적인 연구를 용인하는 관리체계와 성공 보상체계 등을 만들 필요가 있다”면서 “기술료를 높이기 위해서는 글로벌 시장으로 나가 해외 특허를 많이 창출해야 한다”고 조언했다.올해부터 대학 기술이전 사업화를 지원한 브릿지 사업이 '지역혁신중심 대학지원체계(라이즈·RISE)'로 편입되는 것도 산학협력단의 이슈 중 하나다. 지자체의 대학 산학협력 정책에 관한 경험 부재를 우려하는 목소리도 있다. 지역과 대학 간 협력을 강화하기 위해 라이즈 체계가 만들어졌지만, 지자체가 경험과 전문성을 갖기 위해서는 시간이 필요하기 때문이다.장기술 한국대학기술이전협회장은 “정부 부처의 경우 20년 가까이 대학 산학협력 정책에 대한 경험을 쌓아왔다”며 “중앙부처가 지자체의 라이즈 사업이 잘 운영될 수 있도록 페이스메이커 역할을 맡아줄 필요가 있다”고 말했다.



대학의 산학협력을 활성화할 방안으로 '사람'에 투자해야 한다는 의견도 있다. 황 강사는 “연구자에게 확실하게 인센티브를 주고 연구에만 전념할 수 있는 여건을 만들어 주는 것이 필요하다”고 말했다.그는 미국 대학은 연구자가 연구에만 몰입할 수 있도록 연구비(간접비)를 지원하지만, 우리나라는 연구비를 오로지 연구 관련 경비로만 사용하도록 하는 것을 문제점으로 꼽았다.지방의 대학에 대한 정부의 R&amp;D 예산 지원이 강화되고 있지만, 사업화 후속 모델이 나오지 못하는 것도 사람에 대한 투자가 이뤄지지 않기 때문이라는 이야기도 나온다. 황 강사는 “사업화 후속 모델이 나오기 위해서는 별도의 인원을 충원해야 하는데 인건비가 부족한것이 현실”이라며 “사람에 대한 투자를 낭비로 보는 시각이 바뀌어야 한다. R&amp;D는 결국 사람이 하는 것”이라고 꼬집었다.대학의 산학협력단의 R&amp;D 개발과 사업화 후속 모델을 강화하면, 지방 경제를 살려 정주 인력이 늘어날 것이라는 주장도 있다. 최근 정부와 지방 대학이 미래 방안으로 해외 유학생 유치를 바탕으로 지역 정주를 할 수 있다는 이야기다.장 회장은 “지역의 대학은 R&amp;D로 기술을 만들어 지역 기업에 이전해 지역 산업을 발전시켜나가는 선순환 구조를 만들어 나가야 한다”면서 “유럽의 실리콘밸리로 불리는 프랑스 소피아 앙티폴리스처럼 혁신에 대한 정체성이 있어야 지방 자치의 발전까지 이끌 수 있다”고 내다봤다."
라이즈,2025-01-01 18:58:23,지역·대학 동반성장 ‘서울형 라이즈’ 시동,https://n.news.naver.com/mnews/article/014/0005289871?sid=102,"서울시가 올해부터 전국에서 추진되는 '지역혁신중심 대학지원체계(RISE·라이즈)' 본격 시행을 앞두고 막바지 준비에 속도를 내고 있다.   서울시는 대학 지원을 위해 민·관·학 기반의 최고 의사결정기구인 '서울혁신대학지원위원회(서울라이즈위원회)'를 최근 구성했다고 1일 밝혔다.   오세훈 시장은 지난해 6월 대학이 서울의 미래 성장동력이란 비전 아래 '대학과 함께하는 서울 미래 혁신성장 계획'을 발표했다. 이후 시는 라이즈 사업 추진을 위한 기본계획 태스크포스(TF)를 구성하고 서울 소재 대학을 대상으로 공청회를 개최하는 등 의견을 수렴해왔다.   라이즈는 지역과 대학의 동반성장을 목표로, 지역 수요를 반영한 대학의 혁신을 통해 대학의 경쟁력을 지역발전으로 연결하는 지역혁신중심 대학지원체계다. 시가 교육부에 제출한 서울형 라이즈 기본계획은 △글로벌 대학 경쟁력 강화 △서울 전략산업 기반 강화 △지역사회 동반성장 △평생·직업교육 강화 △대학창업육성 등 5대 프로젝트 기반 12개 핵심 단위과제로 구성됐다.   시는 대학 주도로 프로젝트와 단위과제들을 유기적으로 조합·설계해 대학과 지역의 동반성장을 꾀한다는 방침이다.   이번에 구성된 서울혁신대학지원위원회는 서울시 관계 실·국장, 출연기관장, 대학 총장, 민간 전문가 총 20명이 참여하며, 서울시장과 대학 총장 1명이 공동위원장을 맡아 운영한다. 위원 임기는 3년이며 중임할 수 있다.   시는 이달 교육부의 국비 지원예산이 확정되는 대로 서울시 라이즈 5개년(2025~29년) 최종 계획과 참여 대학 선정 공모 계획 등을 논의하기 위해 서울혁신대학지원위원회를 개최할 예정이다.   이와 함께 라이즈 참여 대학의 원활한 사업 추진을 체계적으로 지원할 '서울라이즈센터'가 서울연구원에 설립돼 1일 정규조직으로 출범했다.   서울라이즈센터는 서울시-대학-기업 혁신 비전과 목표 달성을 위한 정책 발굴, 라이즈 실행계획 수립 및 정책사업 수행, 대학과 기업의 협력 네트워크 구축, 라이즈 성과 분석 등의 업무를 수행한다.   서울시 관계자는 ""대학이 보유한 자원과 가치를 최대한 활용해 서울의 전략산업 생태계를 육성하고, 대학 주도의 지역 활성화를 통해 전국 라이즈 사업의 선도 모델로 자리매김하겠다""고 말했다."
라이즈,2025-01-05 15:13:13,"경기도, 5년간 5만5000명 인재 양성…'라이즈 계획' 확정",https://n.news.naver.com/mnews/article/030/0003273107?sid=102,"경기도, 지산학 협력으로 글로벌 혁신 수도 도약7대 산업 중심 미래 인재 양성 프로젝트 본격화



경기도가 중장기 대학 지원 청사진인 '경기도 대학지원체계(RISE) 계획'을 최종 확정했다. 사진은 경기도가 지난해 사전설명회를 진행하고 있는 모습.경기도는 미래성장산업 선도인재 양성, 산학협력 공동연구 확대, 스타트업 육성 등을 포함한 중장기 대학 지원 청사진인 '경기도 대학지원체계(RISE) 계획'을 최종 확정했다고 5일 밝혔다.이번 계획은 지역혁신중심 RISE의 구체적인 실행 방안을 담아 4대 프로젝트와 16개 단위 과제로 구성했다.라이즈 계획의 비전은 '지산학 협력으로 동반성장하는 글로벌 혁신 수도, 경기도'로 설정됐다. 주요 프로젝트는 △경기 G7 미래성장산업 육성 △지역혁신클러스터 조성 △평생직업교육 혁신 △지산학 상생·협력 동반성장 실현 등이다.이를 위해 경기도는 올해부터 2029년까지 매년 약 992억원씩 총 4960억원을 투입한다. 이를 통해 반도체, 인공지능(AI), 빅데이터, 첨단모빌리티, 바이오, 신재생에너지 등 7대 미래성장산업(G7) 분야에서 매년 선도인재 6000명과 실무인재 5000명을 포함해 총 5만5000명 인재를 양성할 계획이다.또 대학-기업 간 공동연구를 연간 150건씩 수행해 총 750건을 달성하고, 대학을 기술 창업의 거점으로 삼아 매년 스타트업 20개씩 총 100개 사를 육성한다.이와 함께 지역 수요에 맞춘 전문인력과 재직자 교육을 통해 성인 학습자의 경력 개발과 배움 수요를 충족시킬 예정이다.특히 경기북부 산업구조 고도화와 특화산업 육성을 통해 남북부 균형발전을 도모하며, 초광역 산학연 협력 프로그램을 통해 비수도권 지역과의 산업 격차 해소에도 기여할 방침이다.이번 계획은 올해 초부터 다섯 차례 의견수렴 과정을 거쳐 마련됐으며, '경기도RISE협의체'를 통해 자문과 협의를 진행했다. 또 대학, 시·군, 교육청 등과 소통을 바탕으로 지속적으로 수정·보완했다.이성호 도 미래성장산업국장은 “경기도는 세계 최대 첨단산업 중심지로서 지속 가능한 혁신성장 체계를 구축하기 위해 도내 대학들과 긴밀히 협력하고 있다”며 “라이즈 추진으로 대한민국이 세계 기술패권 경쟁에서 주도권을 확보할 수 있도록 최선을 다하겠다”고 말했다.경기도는 이달 중 RISE 시행계획을 수립하고, 다음 달부터 수행대학 선정을 위한 공모를 시작해 오는 5월까지 최종 선정을 완료할 예정이다. 상반기 내 사업이 본격화될 전망이다."
라이즈,2025-01-06 17:29:07,이 엄동설한에...전 직원에 플스5프로·500만원 쏜 게임사,https://n.news.naver.com/mnews/article/029/0002927528?sid=105,"시무식 '시프트업 라이즈' 6일 개최...'스텔라 블레이드' 등 성과 축하올해 '스텔라 블레이드' PC 버전 출시, '승리의 여신: 니케' 중국 진출""잘 키운 게임 IP, 불경기도 무섭지 않네.""게임사 시프트업 직원들이 따뜻한 신년맞이를 해서 부러움을 사고 있다. 시프트업은 6일 서울 서초구 JW 메리어트 강남에서 신년행사를 열고 전 직원에게 500만원의 상여금과 최신 모델인 '플레이스테이션 5 프로'를 전달했다. 플레이스테이션 5 프로는 대당 110만원 정도를 호가한다. 시프트업 직원은 약 300명이다. 이날 개최한 신년 행사 '시프트업 라이즈업'에서는 회사 비전, 프로젝트별 성과, 향후 계획도 공유했다.시프트업은 지난해 '스텔라 블레이드'를 PS5 독점작으로 출시, 출시 2개월 만에 100만장 이상의 판매고를 기록하며 풍성한 한 해를 보냈다. 이후 '니어 오토마타' 유료다운로드콘텐츠(DLC) 등 각종 업데이트를 통해 좋은 분위기를 이어가고 있다. 올해에는 PS 독점작인 '스텔라 블레이드'를 PC 플랫폼으로 확장하며 지식재산(IP) 접점을 넓혀 더 큰 성과를 거두겠다는 구상이다. 아울러 회사 캐시카우인 '승리의 여신: 니케'를 중국 시장에 선보인다. 최근 외자 판호발급을 통해 중국 진출의 발판을 마련했다. 중국 서비스는 시프트업의 2대 주주인 텐센트 게임즈가 맡을 것으로 예상된다.시프트업은 지난해 3분기까지 누적 매출액 1600억원을 기록했다. 연간 매출을 2100억원 정도만 잡아도 인당 매출이 7억원에 달한다. 올해 '니케' 중국 진출과 '스텔라 블레이드' PC 버전 출시 효과로 외형 성장을 이뤄낼 것으로 기대된다. 



시프트업 직원에게 전달된 플레이스테이션 5 프로. 시프트업 제공"
라이즈,2025-01-06 16:37:59,"스텔라블레이드 대박 시프트업, 전직원에 플스5 프로·500만원",https://n.news.naver.com/mnews/article/008/0005137533?sid=105,"/사진=시프트업지난해 콘솔용 게임 스텔라 블레이드의 흥행을 기록한 시프트업이 전 직원들에게 'PS(플레이스테이션)5 프로'와 500만원의 상여금을 지급했다고 6일 밝혔다.시프트업은 이날 서울 반포동 'JW 메리어트 강남'에서 시무식인 '시프트업 라이즈업'을 가지며 이 같은 포상을 진행했다.시프트업은 시무식에서 회사의 비전과 프로젝트별 성과, 향후 계획을 공유하기도 했다. 시프트업 관계자는 ""플스와 상여금 지급은 인재 격려 차원""이라고 전했다.한편 유명 일러스트레이터 출신 김형태 대표가 설립한 시프트업은 2022년 11월 출시한 '승리의 여신: 니케'로 서브컬처게임 시장에 파란을 일으켰다. 지난해 4월에는 콘솔용 오픈월드 액션어드벤처 '스텔라 블레이드'를 PS5에 출시하며 연타석 흥행을 이어갔다. 지난해 3분기 기준 311명이 시프트업에 근무 중이다."
라이즈,2025-01-05 07:00:00,지자체에 넘긴 대학 지원 권한…중앙정부 역할은 [변기용의 교육 포커스],https://n.news.naver.com/mnews/article/421/0008003828?sid=110,"라이즈 전면도입…지자체 따라 사업 역량 차이 엄청나성공적 정착 위해선 도입 초기 중앙정부 역할 필수적[편집자주] 필자는 1991년 제35회 행정고등고시 합격 후 경북대 교무과를 시작으로 교육부의 정책 기획 부서에서 16년간 근무하면서 실제 정책을 입안했다. 2002년부터 3년간 OECD 교육국(프랑스 파리)에서 상근 컨설턴트로 국제적 프로젝트를 설계하고 수행했다. 2008년에는 고려대 교육학과 교수로 자리를 옮겨 현재 고려대 고등교육정책연구소장, 한국근거이론학회 회장, 한국교육행정학회 회장직을 맡고 있다.



변기용 고려대 교육학과 교수/고등교육정책연구소장. ⓒ News1변기용 고려대 교육학과 교수/고등교육정책연구소장 = 2025년 고등교육 부문에서 핵심적 변화 중 하나는 라이즈 체계(Regional Innovation System for Education·RISE, 지역 혁신 교육 체계) 도입이다. 라이즈 체계 도입은 대학 혁신과 지원의 책임을 중앙정부에서 지방자치단체로 이양하는 것이 핵심이다. 이를 통해 지역대학과 기업 간의 산학협력, 평생교육을 통한 지역 경제 활성화, 그리고 지역 고등교육기관 간의 연계와 협력을 촉진해 지역 내 고등교육 생태계를 새롭게 구축하려는 야심 찬 정책이다.필자는 라이즈 체계가 성공적으로 정착하기 위해서는 도입 초기 단계에서 중앙정부의 적절한 역할이 필수적이라고 본다. 라이즈 체계가 충분한 논의와 숙성 기간을 두고 도입되는 것이 아니어서 지자체에 따라 사업을 시행할 역량에 엄청난 차이가 존재하고 있기 때문이다.지자체 이양 대학 지원 권한·책임 명확한 규정 없어교육부는 지역대학에 대한 재정 지원을 지자체 주도로 전환하면서 라이즈 체계 도입, 재정지원사업 시행 관련 지원 업무를 한국연구재단의 중앙라이즈센터에 부여하고 있다.이에 따라 2023년 한국연구재단에 신설된 중앙라이즈센터는 사업 지원과 성과 관리의 주체로 출범하기는 했지만, 아직 그 역할과 권한이 명확히 규정돼 있지 않다. 또한 중앙라이즈센터에는 충분한 인력과 행·재정적 지원이 확보돼 있지 않고, 라이즈 성과 관리 매뉴얼 역시 제대로 갖춰지지 못하고 있다.이는 무엇보다 대학 지원과 관련해 지자체에 이양하는 권한과 책임의 범위가 법령에 의해 명확히 규정되어 있지 못하고, 중앙 라이즈 센터와 지역 라이즈 센터와의 관계 설정, 지자체가 수행하고 있는 라이즈 재정지원 사업에 대한 평가·조정 권한 등에 대한 중앙정부의 역할 역시 명확히 규정돼 있지 못한 데서 비롯한다.이에 따라 지자체가 지방대학 지원 정책 결정과 집행 과정에서 잘못된 방향으로 나갈 때 이를 어떻게 평가, 조정할 수 있을 것인가에 대한 대책은 사실상 전무한 실정이다. 이런 상황에서 사실상 중앙라이즈센터에 힘을 실어주고 구체적 정책 방향을 제시해야 할 교육부 담당부서(지역인재정책관)는 때마침 터진 '의정 분쟁'이라는 초대형 현안을 해결해야 하는 과제를 떠맡게 되면서, 정작 중요한 라이즈 체계의 정착을 위한 대책 마련에는 관심을 쏟기 어려운 상태가 돼 있다.급하게 설립된 지역라이즈센터, 경험·전문성 부족 심각한편 지자체 단위로 운영되는 지역라이즈센터들은 대부분 2023년 이후에 급하게 설립된 경우가 많아 관련 경험과 전문성 부족이 심각한 문제로 지적되고 있다. 일부 센터는 지자체 퇴직 국장 등이 센터장으로 임용되는 경우도 있어 관련 사업에 대한 이해와 수행 경험 부족으로 인한 문제점이 발생하기도 한다.지자체별로 대학 지원 전담 부서와 지원 인력 규모도 제각각이고, 구성원들의 역량도 천차만별이다. 이 때문에 지자체마다 추진하는 재정지원 방식과 내용의 질적 수준에 많은 차이가 발생하고 있으며, 이는 결국 사업 목적 달성에 지장을 초래하는 주된 요인이 될 것이라는 우려로 이어지고 있다.이와 함께 지역 거점 국립대학 등 특정한 대학 출신 네트워크가 큰 영향을 미치는 지역의 특성상 지자체가 주도해 시행하는 재정 배분 과정에서 특히 후발 중소규모 대학들의 경우 평가와 선정 과정에서 학연, 지연 등 정실의 개입 가능성에 대한 걱정도 상당한 편이다.대학 간 협력 중요한데 주로 대학·기업 협력 초점현재 운영되고 있는 17개 시도 지역라이즈센터를 살펴보면 시도 특성에 따라 지역 산업을 지원해 온 지자체 연구원(경북연구원, 충남연구원 등), 테크노파크, 인재평생교육진흥원 등 다양한 지자체 산하기관에 자리 잡고 있다. 하지만 대체로 그동안 지역 산업 지원 육성을 해 왔던 기관들이 라이즈 재정지원사업을 주도하고 있어 현재 라이즈 체계는 대학 간 협력보다는 주로 대학과 기업 간 협력에 초점을 맞추고 있다.따라서 정작 지역 사회와 대학이 직면하고 있는 본질적 어려움은 제대로 해결하지 못하고 있다는 지적이 나오고 있다. 현재 지역 대학이 직면한 가장 심각한 문제는 학령인구 감소와 등록금 동결로 인한 재정난이다. 이 문제는 지역 기업과의 협력만으로는 해결될 수 없다.따라서 지역 대학 간 협력과 역할 분담을 통해 건전한 고등교육 생태계를 조성하는 것이 필요하다. 예를 들어 지역라이즈센터를 중심으로 공공 기초교양대학을 설립해 공유 교육과정, 공유 강사, 공유 시설을 지역대학 간 공유하는 새로운 접근방법을 시험해 볼 필요도 있다. 이를 통해 지역의 소규모 대학은 전공 교과목 제공에 집중하고, 교양 기초과목은 지역에 설립된 공공 기초교양대학이 맡는 새로운 시스템으로 변화를 추진해 나가는 것이다.이미 선정된 글로컬 대학 30 사업단들도 이 과정에서 중요한 역할을 담당할 수 있도록 사업 간 연계 조정을 강화해 나갈 필요도 있다. 하지만 이런 정책을 진지하게 고려하고 있는 지자체는 현시점에서는 찾아보기 힘들다.예산 배분·평가 통해 지자체 견제·통제 장치 마련 시급라이즈 체계 도입은 이제까지 우리가 경험하지 못했던 새로운 체제로의 전환이다. 따라서 시행착오가 발생할 가능성이 특히 큰 라이즈 체계 도입 초기 단계에서는 지자체의 자율과 중앙정부의 조정, 평가 역할의 적절한 균형이 필요하다. 지자체 간 역량 차이가 매우 큰 상황에서 지난 수십년간 관련 경험과 노하우를 축적한 중앙정부의 평가와 모니터링, 이에 기반한 지원과 조정 역할은 필수적이다.중앙라이즈센터의 권한과 법적 위상을 지금이라도 명확하게 정리해서 예산 배분과 평가를 통해 지역라이즈센터를 견제하고 통제할 수 있는 체계적인 집행 과정 모니터링과 성과 평가 체계 마련이 시급한 것은 바로 이 때문이다.성과가 우수한 지자체에는 추가적인 지원과 인센티브를 제공하고, 역량이 부족한 지자체에는 개선을 위해 필요한 컨설팅과 연수 프로그램을 적극적으로 제공해야 한다. 그렇지 않으면 아직 지역 라이즈 센터의 역량이 부족한 상황에서, 선거 제도 아래 정치적 행태를 보일 수밖에 없는 지자체장의 영향으로 인해 다양한 부작용이 발생할 가능성이 크다.정권 교체에도 정책 지속성 보장할 수 있는 장치 필요아울러 선거에 이해관계가 있는 광역 지자체장으로서는 하기 힘든 사업, 예를 들어 대구에 소재한 경북대와 같은 거점 대학이 인근 경북 지역의 중소규모 대학이나 기업에 도움을 주며 상생할 수 있는, 보다 유연한 사업 시행 구조를 만들어 나갈 필요도 있다.라이즈 체계와 글로컬 대학 30 사업이 성공적으로 실행되기 위해서는 정권 교체에 따른 변동성을 최소화하고, 정책의 지속성을 보장할 수 있는 법적·제도적 장치가 필요하다. 앞서 언급했던 중앙정부(교육부)와 지방정부(지자체) 간의 명확한 역할 분담을 법령에 규정하는 것은 한 예가 될 수 있다. 이는 새로 도입된 라이즈 체계가 제대로 정착하기 위해 필요한 최소한의 기본요건이라고 할 수 있다."
라이즈,2025-01-07 12:41:53,"해비치 호텔앤드리조트 제주, 새해 기념 ‘뉴 라이즈 패키지’ 출시",https://n.news.naver.com/mnews/article/241/0003405908?sid=103,"해비치 호텔앤드리조트 제주가 새해를 맞아 호텔에서 수평선 위로 떠오르는 해돋이를 감상하고, 편안한 제주 여행을 만끽할 수 있는 ‘뉴 라이즈(New Rise)’ 패키지를 7일 출시했다.제주 남동쪽에 위치한 해비치 호텔앤드리조트 제주는 전체 객실의 70%가 바다 전망을 자랑해 객실에서 여유롭게 바다 위로 떠오르는 해돋이를 감상할 수 있다. 객실 외에도 레스토랑이나 수영장, 산책로 등 호텔 곳곳에서 일출을 감상할 수 있어 해돋이 명소로 잘 알려져 있다. 리조트의 뉴 라이즈 패키지 옵션 1 또는 옵션 2를 선택하면, 주니어 스위트 객실 1박과 함께 아름다운 바다 전망을 지닌 레스토랑 ‘이디’에서 차와 디저트를 즐길 수 있는 ‘웰컴티 세트’를 제공한다. 또 제주의 자연 속에서 러닝 또는 자전거, 숲길 트레킹 등을 체험할 수 있는 ‘웰니스 프로그램’ 이용 혜택도 포함된다. 사우나 성인 2인, 소인 1인 입장 혜택도 있다. 옵션 2에는 조식 성인 2인과 마르게리따 또는 소시지 감자 피자 1개가 추가로 포함된다.호텔의 뉴 라이즈 패키지는 수페리어 객실 1박을 비롯해 맥주, 음료, 스낵 등으로 구성된 미니바 1회 이용 혜택이 담긴 옵션 1과 조식 뷔페 성인 2인 및 소인 1인 이용이 포함된 옵션 2 가운데 선택할 수 있다. 아울러 모든 뉴 라이즈 패키지 예약 고객에게는 사계절 온수로 운영되는 호텔 및 리조트 수영장 이용과 식음료 업장 및 스파 10% 할인 혜택을 제공한다. 2025년 해비치 다이어리와 텀블러로 구성된 새해 선물도 선착순으로 증정한다.아울러 푸른 뱀의 해를 기념해 뉴 라이즈 패키지 이용객 가운데 뱀띠 고객에는 ‘치킨과 감자튀김’을 1회 제공한다. 1월 한 달간 해비치 공식 홈페이지를 통해 객실을 예약한 뱀띠 고객에게는 바다 전망으로 무료 업그레이드 혜택도 제공한다.뉴 라이즈 패키지는 오는 1월 31일까지 이용할 수 있다. 가격은 1박 기준 호텔이 19만 7000원부터, 리조트가 26만 2000원부터다.권지예 기자 kwonjiye@edaily.co.kr"
라이즈,2025-01-05 09:32:10,"경기도, AI·양자 기술 등 첨단산업 인재 5만5000명 육성",https://n.news.naver.com/mnews/article/469/0000842312?sid=102,"2029년까지 도내 대학에 5000억 투입



경기도가 도내 대학 등 관계자들을 대상으로 미래첨단산업 전문가 육성 방안이 담긴 '라이즈(RISE)계획'을 설명하고 있다. 경기도 제공경기도가 인공지능(AI), 양자 기술, 첨단모빌리티 등  미래 성장산업을 이끌 전문인력 5만5,000명을 양성한다.경기도는 지역혁신 중심 대학지원체계(RISE)의 심의를 거쳐 4대 프로젝트, 16개 단위과제로 구성된 ‘경기도 라이즈(RISE) 계획’을 최종 확정했다고 5일 밝혔다.경기도 라이즈 계획의 주요 프로젝트는 △경기 G7 미래성장산업 육성 △경기 지역혁신클러스터 육성 △생애-이음형 평생직업교육 혁신 △지산학 상생·협력 동반성장 실현으로 선정했다.이에 따라 경기도는 올해부터 2029년까지 매년 약 992억 원씩, 5년간 총 4,960억 원을 투입한다. 이를 통해 매년 반도체·AI 빅데이터·첨단모빌리티·바이오·신재생에너지·양자·디지털전환 등 경기도 7대 미래성장산업(G7) 선도인재 6,000명, 지역산업 실무인재 5,000명 등 5년간 5만 5,000명을 집중 양성한다.기업 기술경쟁력을 강화하기 위한 대학-기업 공동연구도 150건씩 5년간 750건을 수행할 계획이다. 대학을 혁신기술의 창업기지로 삼아 미래성장산업(G7) 스타트업 20개사씩 100개를 육성하고, 지역 수요 맞춤 전문인력 200명씩 1,000명과 재직자 400명씩 2,000명을 키울 방침이다.이성호 도 미래성장산업국장은 “경기도는 첨단산업들이 모여있는 글로벌 혁신의 중심지로서, 지속가능한 혁신성장 선순환 체계 구축을 위해 도내 대학들과의 긴밀한 협력이 그 어느 때보다 중요한 시점”이라며 “경기도만의 독자적인 라이즈 추진으로 세계 기술패권 경쟁에서 대한민국의 주도권 확보를 위해 최선을 다하겠다”고 말했다.경기도는 이달 라이즈 시행계획 수립을 시작으로 2월부터 라이즈 수행대학 공모에 들어가 5월까지 최종 선정을 완료하고, 상반기 내 사업을 본격화할 예정이다."
라이즈,2025-01-01 11:15:00,대학 경쟁력 강화로 톱5 도시 도약…'서울형 라이즈' 가시화,https://n.news.naver.com/mnews/article/001/0015136305?sid=102,"기본계획 수립·의사결정기구 구성 완료…서울라이즈센터 출범



대학과 함께하는 '서울 미래 혁신성장' 기자설명회(서울=연합뉴스) 이지은 기자 = 오세훈 서울시장이 18일 오전 서울 중구 서울시청에서 대학과 함께하는 '서울 미래 혁신성장' 계획 관련 기자설명회를 열고 발언하고 있다. 서울시는 글로벌 산학협력을 이끌고 미래 인재를 키우기 위해 5년간 6천500억원을 대학에 투자한다고 밝혔다. 2024.6.18 jieunlee@yna.co.kr    (서울=연합뉴스) 윤보람 기자 = 서울시가 올해 '지역혁신중심 대학지원체계'(Rise·라이즈)의 본격 시행을 앞두고 막바지 준비에 속도를 내고 있다.    서울시는 '서울형 라이즈 기본계획' 수립과 민·관·학 기반의 최고 의사결정 기구인 '서울혁신대학지원위원회'(서울라이즈위원회) 구성을 최근 완료했다고 1일 밝혔다.    지난해 6월 오세훈 시장의 '대학과 함께하는 서울 미래 혁신성장 계획' 발표 이후 시는 라이즈 사업 추진을 위한 기본계획 태스크포스(TF)를 구성, 서울 소재 대학 대상 공청회 및 1대1 간담회 등을 통해 대학의 다양한 의견을 수렴했다.    이런 과정을 거쳐 교육부에 제출된 서울형 라이즈 기본계획은 ▲ 글로벌 대학 경쟁력 강화 ▲ 서울 전략산업 기반 강화 ▲ 지역사회 동반성장 ▲ 평생·직업교육 강화 ▲ 대학창업 육성 등 5대 프로젝트 기반의 12개 핵심 단위과제로 구성된다.    특히 시는 서울만의 수요와 강점을 반영해 다른 지역과 차별화된 정책 목표를 명확히 제시하고자 초광역 사업을 도입했다.    글로벌 산학협력, 해외 우수 인재 유치, 해외 우수 대학과의 교류 등 글로벌 대학 경쟁력을 강화하고 서울과 지방 대학 간 교육 격차 해소를 위해 비수도권 대학과의 공유·협력을 확대하는 내용이다.    기본계획 수립과 함께 구성된 서울혁신대학지원위원회에는 서울시 관계 실·국장, 출연기관장, 대학 총장, 민간 전문가 총 20명이 참여한다.    서울시장과 대학 총장 1인이 공동위원장을 맡아 운영하고 글로벌·산학협력, 지역·평생교육 등 분야별 전문위원회가 운영된다.    분야별 위원회는 시 관계자, 대학 관계자, 민간 전문가 등 10여명으로 구성돼 서울 라이즈의 연도별 시행계획과 사업 관리, 성과평가 등 실무 논의를 담당한다. 대학의 애로사항을 청취하는 역할도 수행한다.    시는 이달 교육부의 국비 지원예산(시·도 라이즈 인센티브 예산)이 확정되는 대로 서울시 라이즈 5개년(2025∼2029년) 최종 계획과 참여 대학 선정 공모 계획 등을 논의하기 위해 서울혁신대학지원위원회를 개최할 예정이다.    이와 함께 라이즈 참여 대학의 원활한 사업 추진을 체계적으로 지원하기 위한 '서울라이즈센터'가 서울연구원에 설립돼 이날 정규조직으로 출범했다.    서울라이즈센터에서는 서울시-대학-기업 혁신 비전과 목표 달성을 위한 정책 발굴, 라이즈 실행계획 수립 및 정책사업 수행, 대학과 기업의 협력 네트워크 구축, 라이즈 성과 분석 등의 작업이 이뤄진다.    시 관계자는 ""라이즈 사업으로 대학 경쟁력과 서울의 도시경쟁력을 동시에 강화해 세계 톱5 도시로의 도약을 앞당기겠다""면서 ""대학이 보유한 자원과 가치를 최대한 활용해 서울의 전략산업 생태계를 육성하고, 대학 주도의 지역 활성화로 전국 라이즈 사업의 선도 모델로 자리매김할 것""이라고 말했다.    bryoon@yna.co.kr"
라이즈,2025-01-05 09:00:18,"외국인 유학생 55% ""현 거주지서 취업 희망""…기업 65% '채용 확대'",https://n.news.naver.com/mnews/article/018/0005918625?sid=102,"라이즈 시범운영 5곳 유학생·기업 설문조사 결과전북 유학생 73% 현지취업 선호…충북·전남은 수도권기업 57% ""국내인력 부족""…외국인 채용 확대 계획[이데일리 김윤정 기자] 외국인 유학생 55%가 현재 거주 지역에서 취업하길 희망하는 것으로 나타났다. 교육부는 5일 이같은 내용을 담은 ‘외국인 유학생 취업의향·역량 설문조사 결과’를 발표했다. 이번 조사에는 외국인 유학생 1207명, 기업 98곳이 응답했으며, 설문은 지난해 6~10월 라이즈 시범운영 5개 지자체 취업박람회에서 진행됐다.



(그래픽=김일환 기자)설문 결과 응답자의 55.0%(660명)는 거주 지역에서 취업하길 원했다. 수도권 취업을 원한다는 응답은 37.1%(445명)을 기록했다. 지역별로는 전북 유학생들의 현 거주지역 선호도가 72.6%로 가장 높았고, 경북(59.7%), 부산(58.8%) 순으로 나타났다. 반면 충북은 현 거주지역 선호도(40.7%)보다 수도권 선호도(51.9%)가 더 높았다. 전남 역시 현 거주지역(44.6%)보다 수도권(48.2%) 선호도가 높은 것으로 조사됐다.응답자 42.5%는 한국 취업만을 희망했고, 45.5%는 한국과 본국 취업을 모두 고려하고 있었다.산업별로는 제조업·광업 분야(16.0%)에 대한 선호도가 가장 높았고, 도·소매업 및 숙박·음식업(10.0%), 금융·보험업(9.0%), 공공·교육 서비스업(9.5%) 등이 뒤를 이었다.취업 준비생들은 한국어, 영어, 직무 관련 지식, 한국 조직문화 이해 및 적응력 등 주요 역량에서 현재 수준이 중요도에 비해 낮다고 평가했다. 특히 한국어는 중요도(4.09점) 대비 현재 수준(3.51점)의 격차가 0.58점으로 가장 컸다.한국 취업의 주요 애로사항으로는 취업 절차 준비(3.25점), 한국 기업 정보 취득(3.22점), 비자 정보 취득(3.21점) 등이 꼽혔다. 전남 지역 유학생들의 어려움이 가장 큰 것으로 나타났다.설문에 참여한 유학생들의 출신국가는 베트남(32.6%), 우즈베키스탄(18.3%), 중국(13.1%) 등이 높은 비중을 차지했다. 몽골은 6.4%, 일본과 미국이 각각 0.7%, 0.2%, 기타는 28.5%로 나타났다.기업들도 외국인 채용에 적극적인 것으로 조사됐다. 98개 응답 기업 중 65%가 향후 5년간 외국인 채용을 확대할 계획이라고 답했다. 전북 기업들의 긍정 응답률이 80.7%로 가장 높았고, 경북(72.7%), 부산(70.0%) 순이었다.기업들이 외국인을 채용하는 주된 이유는 ‘국내 인력 채용이 어려워서’(56.9%)였다. ‘조직 내 인재 다양성을 위해’(21.5%), ‘해외 신시장 개척을 위해’(17.2%) 등이 뒤를 이었다.교육부는 “외국인 유학생의 지역 내 취업과 정주 지원을 위해 취업 정보와 상담 서비스를 강화하고 내년부터는 라이즈가 전국으로 확대됨에 따라 각 지자체의 취업박람회도 적극 지원할 계획”이라고 밝혔다."
라이즈,2024-12-27 16:00:00,"내년 2조4천억 대학 재정, 광역시도가 주도…5개년 라이즈 전략 확정",https://n.news.naver.com/mnews/article/003/0012984734?sid=102,"교육부-중앙라이즈위원회 회의…시도별 계획 심의국고 2조10억 보조+지방비로 지역 대학 재정지원17개 지역서 산학협력·문제해결·인력양성 등 방점



[서울=뉴시스] 이주호 사회부총리 겸 교육부 장관이 지난 7월10일 오전 서울 중구 프레스센터에서 열린 지역혁신중심 대학지원체계(RISE) 위원회 제1차 회의에서 참석자들과 기념촬영하고 있다. 라이즈 위원회는 라이즈 추진에 필요한 법령·규제 개선, 재정·성과 관리 등에 대한 논의와 자문 역할을 한다. 고등교육, 지역혁신과 관련된 민간 전문가 19명과 관계부처·지자체 국장급 공무원 등 28명으로 구성했다. (사진=뉴시스DB). 2024.12.27. photo@newsis.com[세종=뉴시스]김정현 기자 = 내년부터 5년 동안 연간 총 2조4000억원 규모의 국고와 지방비가 광역시도 주도 아래 지역 대학에 투입될 예정이다.교육부는 27일 오후 서울 중구 컨퍼런스하우스 달개비에서 제4차 라이즈위원회 회의를 개최해 지역을 지원하는 범부처 5개년 계획 라이즈 지원전략을 심의·확정했다.'지역혁신중심 대학지원체계'(라이즈·RISE)는 지역 맞춤형 대학 혁신을 추진하기 위해 그간 중앙 정부가 일률적 계획을 세워 재정을 직접 대학에 집행하던 방식을 벗어나 그 권한을 광역시도에 이양하는 체계다.이번 지원 전략에 따라 앞으로 지역 대학 재정지원계획의 수립과 각 기관 간 협력은 지자체장과 지역 대학 총장을 공동 위원장으로 하는 '지역 라이즈위원회'가 주도한다.중앙에서도 교육부 장관과 민간 전문가를 공동 위원장으로 하는 중앙 라이즈위원회가 지역을 지원할 계획이다.중앙에서는 글로컬대학, 늘봄 프로그램 개발 등 중앙과 지역이 협업할 때 효과가 더욱 커지는 과제들도 지역별 라이즈 기본계획에 담아 추진할 수 있도록 지원한다.지역은 소재지에 상관 없이 어떤 대학이나 기관이든 대학 혁신에 보탬이 될 수 있다고 판단하면 지원할 수 있고, 대학은 관련 보조금을 사업 칸막이 없이 쓸 수 있게 했다.정부는 지난 10일 국회 본회의에서 내년도 예산안이 확정됨에 따라 국고 라이즈 사업비 2조10억원을 투입한다.국고 사업비는 일부 기존 교육부 사업비를 제외하고 지방자치단체 경상보조금의 형태로 편성됐다. 광역시도가 주도권을 쥐고 관할 지역 내 대학에 배분하게 될 예정이다.광역시도는 지급받는 국고 보조금 대비 20% 이상을 자체 지방비로 편성해 대학에 투입해야 하므로 대학에 투입될 총 사업비는 내년 한 해 2조4000억원으로 추정된다.교육부 중앙 라이즈위원회는 이날 회의를 통해 각 시도별로 제출한 라이즈 기본계획 주요 내용을 함께 심의했다.



[세종=뉴시스] 지역혁신중심 대학지원체계 주요 거버넌스. (자료=교육부 제공). 2024.12.27. photo@newsis.com각 지자체는 심의 결과를 반영해 내년 3월부터 2030년 2월까지 5년 동안 관할 지역 내 대학을 육성하게 된다.기본계획은 정부 차원의 '라이즈 지원전략'에서 강조한 대로 ▲지역인재양성-취·창업-정주 생태계 구축 ▲대학과 지역의 동반성장이라는 정책 목표 달성 아래 지역 특색과 수요, 대학 특성화 분야 등을 고려해 마련됐다.지역별 핵심 과제를 살펴보면, 서울은 첨단산업 기반과 우수한 대학 여건을 바탕으로 창업 시기부터 해외 시장을 목표로 하는 '본 글로벌' 기업을 육성하는 데 집중한다.서울과 마찬가지로 다수 지역에서 지역 경제를 활성화하기 위해 산학협력 효율성 제고에 초점을 둔 계획을 냈다.부산은 '오픈 유아이시'(Open UIC)라 명명한 글로벌 인재 허브 도시를 목표로 삼았다. 대학-산업 클러스터-금융 기관이 연계된 종합 산학연 협력 체계를 조성한다. 광주는 지역 내 사업체 98%를 차지하는 중소기업이 이용할 수 있는 대학 내 실증 스튜디오 공간을 조성하기로 했다.경남은 우주항공·조선·방산 등 10대 전략산업 분야별 특성화 강소 대학을 욱성하고 채용을 연계하기 위한 기업탐방·문제해결형교육·현장실습과정을 필수 운영하게 한다.경기는 대학 내 유휴 공간을 활용한 국제 산학연 클러스터(경기도 산학연 얼라이언스, GAIA)를 조성할 방침이다. 다만 경기는 지역에서 아직 5개년 기본계획 심의를 진행 중에 있어 최종본을 내년 1월 초 제출할 계획이다.지역 산업과 인력 미스매치 문제 해소에도 초점을 뒀다.대구는 대학이 배출하는 인력을 지역 산업 수요와 일치시키기 위해 기회발전특구, 도심웅합특구, 기업 집적지에 대학 '디5 프런티어 현장 캠퍼스'를 조성할 계획이다.충북은 성장 속도가 빠른 반도체·바이오·이차전지 분야 인력 양성 확대에 초점을 두고, 충남은 지역 기업과 대학생 수요를 반영한 맞춤형 계약학과·정원제를 운영한다.



[서울=뉴시스] 김근수 기자 = 이주호 사회부총리 겸 교육부 장관과 참석자들이 지난 10월11일 서울 중구 프레스센터에서 열린 제33회 서울총장포럼 총회에서 국민의례를 하고 있다. 왼쪽부터 이주호 사회부총리 겸 교육부장관, 유지범 서울총장포럼 회장 겸 성균관대학교 총장, 오세훈 서울시장. 2024.12.27. ks@newsis.com원도심 등 지역 문제 해결에 방점을 찍은 지역도 있었다.인천은 원도심 지역인 제물포 지역의 재생을 대학이 이끈다는 구상으로 소상공인·대학 등이 참여해 지역 현안 문제해결을 연구하는 생활 실험실(리빙 랩)을 운영한다. 지역 대학 간 거리가 멀고 특정 지역에 자원이 집중된 강원은 지역문제 발굴·해결을 위한 공동연구 플랫폼(지-랩, G-Lab)과 공동교육과정을 고도화 한 대학도시를 그렸다. 경북도 대학이 없는 기초지자체가 특화 산업을 발전시킬 수 있도록 '1시군-1대학-1특성화' 프로젝트에 나선다.전남은 도를 세 권역을 나눠 대학이 없는 시·군에도 지역 대학이 문제 해결을 지원하는 동반성장 프로젝트를 운영하고, 이공계 박사급 정주율이 낮은 전북은 창업인재 정착을 위한 '제이비(JB)-스타트업 캠퍼스'를 조성한다.지역 내 특색을 살린 연구(R&amp;D)에 초점을 두기도 했다.정부 출연 연구소를 다수 보유한 대전은 지역 대학과 연계를 높일 방침이며, 울산은 대학을 자동차·조선 등 제조업의 복합재난을 예방하는 안전교육 플랫폼으로 기른다.전국 최초 공동캠퍼스 개교를 앞둔 세종은 국책연구기관과 공동연구를 하는 '한두리캠퍼스'를 구축하며, 제주는 교육을 받고 연구를 하면서 관광을 할 수 있는 '런케이션'(배움여행), '워케이션'(휴가지 원격근무)을 지원한다.각 시도는 내년 초부터 기본계획에 따라 연도별로 추진할 세부 시행계획을 수립하고 사업을 수행할 대학을 지정해 재정을 본격적으로 투입할 계획이다.재정 투입에 따른 성과 검증도 지역에서 자체 마련한 자율성과지표와 지역 라이즈센터 평가위원회가 한다. 교육부는 중간평가와 종합평가를 통해 성과 창출을 돕는다."
라이즈,2025-01-07 17:25:00,[제주소식] 제주신화월드 19일까지 유기동물 보호 특별전,https://n.news.naver.com/mnews/article/421/0008008966?sid=102,"제주신화월드 '허그 앤 허브 키즈(Hug &amp; Hub Kids)'의 작품 일부.(제주신화월드 제공)(제주=뉴스1) 오미란 기자 = 제주신화월드는 오는 19일까지 제주신화월드 컬처 존에서 유기동물 보호를 위한 특별전 '허그 앤 허브 키즈(Hug &amp; Hub Kids)'를 연다고 7일 밝혔다.허그 앤 허브는 음악과 그림의 힘으로 반려동물에 대한 관심을 높이고 유기동물 발생을 최소화하려는 사회 공헌 캠페인으로, 이번 특별전에는 '유기동물에게 가장 안락한 공간'을 주제로 한 제주 학생들의 작품 30여 점이 전시된다.특별전 수익금 일부는 허그 앤 허브 공식 기부처인 인투펫(IntoPet)에 사료 기부로 사용될 예정이다.제주신화월드 관계자는 ""학생의 눈높이로 그린 따뜻한 작품들을 전시하게 돼 기쁘다""며 ""앞으로도 사회 공헌 캠페인에 적극 참여해 지역사회와 함께 다양한 작품 전시 활동을 진행하겠다""고 전했다.◇해비치 호텔앤드리조트 제주, 새해 맞아 '뉴 라이즈' 패키지 출시



해비치 호텔앤드리조트 제주의 리조트 객실.(해비치 호텔앤드리조트 제주 제공)해비치 호텔앤드리조트 제주는 새해를 맞아 '뉴 라이즈(New Rise)' 패키지를 출시했다고 7일 밝혔다.해비치에 따르면 이달 중 리조트의 뉴 라이즈 패키지를 예약하면 주니어 스위트 객실 1박과 함께 레스토랑 '이디' 웰컴티 세트, 웰니스 프로그램 이용, 사우나 입장 등의 혜택이 주어진다. 호텔의 뉴 라이즈 패키지에는 수페리어 객실 1박에 미니바 1회 이용 또는 조식 뷔페 혜택이 담겼다.리조트·호텔 관계 없이 뉴 라이즈 패키지를 예약한 모든 고객에게는 수영장 이용권과 식음료 업장·스파 10% 할인 혜택이 제공된다. 다이어리와 텀블러로 구성된 새해 선물도 선착순 증정된다. 특히 뱀띠 고객에게는 치킨과 감자튀김이 1회 제공된다.이 밖에 해비치 공식 홈페이지를 통해 객실을 예약한 뱀띠 고객에게는 바다 전망으로 객실을 업그레이드할 수 있는 혜택이 제공된다."
라이즈,2025-01-06 08:12:35,"대구시, 6천억 규모 ‘라이즈’ 사업 추진",https://n.news.naver.com/mnews/article/056/0011869301?sid=101,"[KBS 대구]대구시는 6천억 원 규모의 '지역혁신중심 대학지원체계' 이른바 '라이즈' 5개년 기본계획을 수립했습니다.대구 라이즈 기본계획은 자치단체와 산·학을 연계한 대학교육 혁신과 대구 5대 신산업 인재 양성 등 4대 프로젝트, 17개 단위과제로 구성됐습니다."
라이즈,2025-01-02 17:48:53,"KB자산운용 ETF본부장, 1년 만에 사의 표명…""성과부진 책임""",https://n.news.naver.com/mnews/article/421/0008000957?sid=101,"한국투자신탁 ETF에 밀리면서 사의 표명…KB운용 ""검토 중""



KB자산운용 라이즈 ETF(서울=뉴스1) 신건웅 기자 = 김찬영 KB자산운용 ETF사업본부 본부장이 사의를 표명했다. 한국투자신탁운용에서 KB자산운용으로 자리를 옮긴 지 1년 만이다.  'KB스타(KBSTAR)'에서 '라이즈(RISE)'로 상장지수펀드(ETF) 이름까지 바꿨지만, 점유율이 떨어지고 3위 자리가 위태로워지면서 김 본부장 스스로 물러나겠다고 밝힌 것으로 알려졌다. KB자산운용은 지난해 말 단 하루지만 한국투자신탁운용에 밀려 4위로 떨어지기도 했다.  3일 금융투자업계에 따르면 KB자산운용 김찬영 본부장은 최근 회사에 사의를 표명했다.  앞서 한국투자신탁운용에서 디지털ETF마케팅본부장을 맡았던 김 본부장은 지난해 2월 KB자산운용으로 적을 옮겼다. 김영성 KB자산운용 대표 취임 후 ETF 시장 경쟁력 강화를 위한 결정이었다.  김 본부장은 KB운용에서 거래량이 미미한 ETF 상품은 상장폐지하고, 라인업을 정비했다. 또 브랜드명을 라이즈로 변경하고, 외부 인력을 영입하는 등 변화를 줬다. 그러나 리브랜딩에도 효과가 나타나지 않고, 점유율 하락이 이어지면서 어려움을 겪어왔다. 지난해 12월 30일 기준 KB운용 라이즈 ETF의 시장 점유율은 7.84%로, 한국투자신탁운용 ACE ETF(7.59%)와 0.25%포인트(p)에 불과하다.  지난해 12월 27일에는 ACE ETF의 시장 점유율이 7.63%로, 처음 라이즈 ETF(7.59%)를 역전하기도 했다. 3위 자리에서 밀려난 셈이다.  한국투자신탁운용이 지난해 초 4.89%이던 ETF 시장 점유율을 7%대로 끌어올린 것을 고려하면 KB자산운용의 점유율은 7.92%에서 다소 후퇴했다.  결국 김 본부장은 점유율 하락에 따른 책임을 지고 사의를 표명한 것으로 알려졌다. 다만 KB자산운용은 아직 사의를 수용하진 않은 상태다.  한 업계 관계자는 ""김 본부장이 성과 부진에 따른 결정을 내렸다""며 ""사의가 수용될지는 지켜봐야 한다""고 말했다."
라이즈,2024-12-27 17:28:12,대구 라이즈 기본계획 마련…내년 1월 사업공모로 첫 시행,https://n.news.naver.com/mnews/article/001/0015129231?sid=102,"(대구=연합뉴스) 한무선 기자 = 대구시는 '지역혁신중심 대학지원체계'(RISE·라이즈) 기본계획을 마련해 내년부터 사업 시행에 들어간다고 27일 밝혔다.



'대구RISE위원회' 위촉식[대구시 제공. 재판매 및 DB 금지]    라이즈는 교육부 대학 재정지원사업의 일부 행·재정 권한을 지자체에 위임·이양해 지역과 대학의 동반성장을 추진하는 체제를 말한다.    시는 인구 감소와 수도권 집중으로 위기에 처한 지역과 대학의 동반성장을 위해 모두 6천억원 규모의 라이즈 5개년 기본계획을 수립했다.    '미래 50년 번영 대구, 세계로 비상하는 대학'이라는 비전 아래 대구형 지·산·학 연계 대학교육 혁신, 5대 미래산업 혁신인재 양성 등을 내용으로 하는 4대 프로젝트와 17개 과제를 추진한다.    시는 앞서 지난 17일 의사결정기구인 '대구RISE위원회'를 구성해 대구 라이즈 기본계획을 심의·의결하고, 내년 약 1천200억 원 규모로 첫 사업을 시행하기로 했다.    내년 1월 라이즈 사업 공모를 시작으로 2월에는 사업 수행 대학을 선정해 학기가 시작되는 3월에 사업을 본격 추진한다.    정재석 시 대학정책국장은 ""앞으로 라이즈가 성공적으로 정착해 대구교육 혁신과 지역 내 취업과 창업, 정착이 이뤄지는 선순환 체계가 구축될 수 있도록 노력하겠다""고 말했다.    mshan@yna.co.kr"
라이즈,2025-01-01 11:15:00,대학-도시 동반성장 이끈다…'서울형 라이즈' 출범 가시화,https://n.news.naver.com/mnews/article/003/0012992311?sid=102,"지역혁신중심 대학지원체계…경쟁력 강화시, 민·관·학 기반 '서울라이즈위원회' 구성



[서울=뉴시스] [서울=뉴시스] 이재은 기자 = 올해부터 전국적으로 추진되는 '지역혁신중심 대학지원체계(라이즈)' 본격 시행을 앞두고 서울시가 사업 기본계획 수립, 위원회 구성 등 막바지 준비를 하고 있다.서울시는 민·관·학 기반의 최고 의사결정 기구로 '서울혁신대학지원위원회(서울라이즈위원회)' 구성을 지난달 19일 완료했다고 1일 밝혔다.라이즈(RISE)는 지역과 대학의 동반성장을 목표로, 지역 수요를 반영한 대학의 혁신을 통해 궁극적으로 대학의 경쟁력을 지역발전으로 연결시키는 지역혁신중심 대학지원체계이다. 오세훈 시장은 지난해 6월 대학이 서울의 미래 성장동력이라는 비전 아래 '대학과 함께하는 서울 미래 혁신성장 계획'을 발표한 바 있다. 시는 라이즈 사업 추진을 위한 기본계획 태스크포스(TF) 구성, 서울 소재 대학 대상 공청회 개최 및 1대1 간담회 등을 통해 대학의 다양한 의견을 수렴해왔다. 교육부에 제출된 서울형 라이즈 기본계획은 ▲글로벌 대학 경쟁력 강화 ▲서울 전략산업 기반 강화 ▲지역사회 동반성장 ▲평생·직업교육 강화 ▲대학창업육성 등 5대 프로젝트 기반 12개 핵심 단위과제로 구성된다.시는 대학 주도로 프로젝트와 단위 과제들을 유기적으로 조합하고 설계함으로써 대학과 지역의 동반성장을 하겠다는 계획이다.이번에 구성된 서울혁신대학지원위원회에는 서울시 관계 실·국장, 출연기관장, 대학 총장, 민간 전문가 총 20명이 참여하며, 서울시장과 대학 총장 1인이 공동위원장을 맡아 운영한다. 위원 임기는 3년이며, 중임이 가능하다.아울러 시는 이달 교육부의 국비 지원예산이 확정되는 대로, 서울시 라이즈 5개년 최종 계획과 참여 대학 선정 공모 계획 등을 논의하기 위해 서울혁신대학지원위원회를 개최할 예정이다. 또 라이즈 사업 참여 대학의 원활한 사업 추진을 체계적으로 지원하기 위한 서울라이즈센터는 전담기관인 서울연구원에 설립됐다. 이달 1일부터 정규조직으로 본격 출범한 서울라이즈센터는 사업 전문인력을 채용하고 시 공무원 등을 파견해 4팀 20명 규모로 운영된다.서울라이즈센터에서는 ▲서울시-대학-기업 혁신 비전과 목표 달성을 위한 정책 발굴 ▲지역혁신중심 대학지원체계(RISE) 실행계획 수립, 정책사업 수행 ▲대학과 기업의 협력 네트워크 구축 ▲지역혁신중심 대학지원체계(RISE) 성과분석, 관리체계 마련 및 데이터베이스(DB) 구축 등 고등교육 발전을 위한 체계를 마련하는 기능을 수행한다.오균 서울라이즈센터장(서울연구원장)은 ""서울시가 미래 글로벌 도시로 도약하는 데 있어 대학이 핵심적인 역할을 할 것""이라며 ""올해부터 본격적으로 추진될 라이즈 사업은 전례 없는 도전이지만, 서울시와 대학이 협력해 지역 발전에 집중하고 혁신에 최우선적으로 투자한다면, 서울 라이즈 사업은 반드시 성공할 것""이라고 밝혔다.시 관계자는 ""올해부터 본격적으로 시행될 서울 라이즈 사업을 통해 대학 경쟁력과 서울의 도시경쟁력을 동시에 강화해 세계 TOP 5 도시로의 도약을 앞당기겠다""며 ""대학이 보유한 자원과 가치를 최대한 활용해 서울의 전략산업 생태계를 육성하고, 대학 주도의 지역 활성화를 통해 전국 라이즈 사업의 선도 모델로 자리매김하겠다""고 말했다."
레드벨벳,2025-01-07 09:32:22,"SM과 갈등 폭발?…'합동 콘서트 불참' 태연, 입 열었다",https://n.news.naver.com/mnews/article/015/0005078763?sid=102,"가수 태연 /사진=한경DB그룹 소녀시대 태연이 SM엔터테인먼트 30주년 콘서트 불참과 관련해 입을 열었다.태연은 지난 6일 팬 플랫폼을 통해 ""멋지게 무대하고 싶었던 상황이었고, 의욕 넘치게 2~3곡 하고 싶어서 회사에 말하고 기다렸다""며 ""내가 의욕이 없고 하기 싫어서 안 하는 게 절대 아니다""라고 밝혔다.이는 'SM타운 라이브' 콘서트 불참과 관련한 입장으로, 앞서 지난달 12일 태연이 콘서트에 참여하지 않는다는 소식이 전해졌다. 티켓까지 오픈된 상황에서 전해진 불참 소식에 무대를 기다렸던 이들이 그 배경을 궁금해 했다.태연은 ""무대에 진심이고 애정을 갖고 최선을 다하고 싶은데 그걸 도와주지 않아 진지하게 생각 중""이라며 회사를 향한 불만을 직접적으로 드러냈다. 그러면서 팬들을 향해 ""이런 말을 하는 건 혹시라도 저에 대해서 조금이라도 오해를 하실까 봐 말씀드리는 것""이라고 덧붙였다.또 태연은 '회사도 사정이 있지 않을까. 난처할 것'이라는 팬의 메시지에는 ""그 사정이 전달하는 걸 까먹었다는 데 난처할 수 있겠다""고 답장해 갈등이 있었음을 시사했다.



그룹 레드벨벳 웬디 /사진=한경DB한편 태연에 이어 레드벨벳 웬디도 불참 소식이 뒤늦게 전해졌다. 이에 웬디는 ""회사랑 얘기는 한 달도 전에 된 건데 공지가 오늘에서야 올라갔다""고 밝혔다.이어 그는 ""레드벨벳 5인 무대 기다리는 '러비(공식 팬덤명)'들이 많았을 것 같은데 미안하다. 30주년인 만큼 다양한 무대가 준비돼 있을 것""이라며 ""좋은 시간 보내면 좋겠다. 항상 고맙고 미안하다""고 팬들을 향한 애정을 드러냈다.SM의 브랜드 공연인 'SM타운 라이브'는 오는 11~12일 서울 고척스카이돔에서 열린다. 강타, 보아, 동방신기, 슈퍼주니어, 효연, 샤이니 키, 민호, 엑소 수호, 찬열, 레드벨벳, NCT 127, NCT 드림, 에스파, 라이즈 등이 출연한다. 특히 올해는 창립 30주년을 맞아 H.O.T. 토니안, S.E.S. 바다, 플라이투더스카이 환희 등 SM 초창기 멤버들도 참여한다."
레드벨벳,2024-12-10 09:24:09,"'레드벨벳' 아이린 팬사인회서 성추행?… ""말 못하고 끔찍""",https://n.news.naver.com/mnews/article/417/0001044120?sid=102,"레드벨벳 아이린의 팬사인회 현장에서 보안요원이 갑질을 했다는 논란이 제기되었다. 사진은 지난 7월 인천국제공항을 통해 타이완으로 출국한  레드벨벳 아이린. /사진=뉴스1 최근 첫 솔로 앨범을 발매한 그룹 레드벨벳 멤버 아이린의 팬 사인회에서 스태프가 팬에게 성추행했다는 의혹이 제기됐다.지난 9일 '엑스'(X·옛 트위터) 등 온라인 커뮤니티에는 아이린 팬사인회 현장에서 보안요원에게 성추행 당했다는 누리꾼이 글이 올라왔다. 누리꾼 A씨는 지인 B씨의 피해를 전하며 ""저는 그냥 레드벨벳 좋아하는 사람인데 팬사인회 다니면서 사람 같지도 않은 취급 여러 번 겪었지만 이건 진짜 무섭다""고 공론화에 나선 이유를 밝혔다.A씨는 ""팔꿈치 위로 팔 걷어봐라, (몸에 녹음기 등 기계 있는지 보게) 뛰어 봐라 시키다가 몸을 터치해도 되냐고 물어봤다고 하더라. 스태프 지시에 무조건 따라야 하고, 불응하면 퇴장까지 요구당할 수 있는 을인 팬 입장에서 당당하게 '몸 만지지 마세요. 안 됩니다' 말할 수 있는 팬이 몇이나 되냐""라고 말했다.이어 ""가슴을 직접 만진 건 아니고 쇄골 아래쪽, 속옷 위쪽 가슴팍을 만졌다고는 하는데 애초에 팬사인회 대화 한 번 하러 가는데 이런 과정이 왜 필요한 거냐""며 ""근본적으로는 이런 일이 재발할 수 있다는 게 제일 무섭다. 내 몸을 더듬어도 아무 말도 못 하고 있어야 한다는 게 너무 끔찍하다""고 호소했다.A씨는 ""팬사인회 가는 팬들이 당장 폭탄이라도 꺼내 멤버들을 위협할 범죄자처럼 느껴지면 그냥 팬사인회를 열지 마라""면서 ""포토카드 사인 안 돼, 촬영 안 돼, 녹음 안 돼, 멤버들 퇴근할 때까지 귀가도 못 해, 화장실도 가지 마, 앉아서 폰도 하지 마, 다 참아왔는데 몸 만지는 건 성추행 아닌가""라고 SM과 레드벨벳 공식 계정을 태그하고 목소리를 냈다.이날 또다른 팬 C씨 또한 ""저도 (팬사인회에서) 겨드랑이 만짐 당했다. 패딩 입고 있었는데 '잠시 터치 좀 할게요'라면서 팔부터 겨드랑이 옆구리까지 만졌다""는 폭로를 전해 논란이 더욱 확산됐다."
레드벨벳,2024-12-18 17:00:10,"""연말엔 레드"" 테팔 무선청소기 등 맞춤형 선물 4종은",https://n.news.naver.com/mnews/article/014/0005284364?sid=101,"테팔 무선청소기 엑스퍼트 7.60 [파이낸셜뉴스] 소중한 사람들과 한 해 동안 안부를 물으며 온기를 전하는 연말이 왔다. 이맘때면 자신과 가족, 지인에게 감사와 격려, 응원 의미를 담은 선물을 전달하는 것이 한 해 마무리처럼 여겨진다.   최근에는 실속 있게 주는 사람과 받는 사람 모두가 만족할 수 있는 '맞춤형 선물'이 대세다. 특히 크리스마스와 연말을 상징하는 레드 색상이 주목을 받는다.     테팔 무선청소기 엑스퍼트 7.60   테팔 무선청소기 '엑스퍼트 7.60'은 블랙 본체에 레드 색상 스틱이 눈길을 사로잡는다. 한 유튜브 리뷰어가 ""마치 맥 립스틱 베스트셀링 컬러처럼 고급스러운 레드 색상""이라고 언급하며 화제가 되기도 했다. 레드 색상으로 어느 공간이나 세련된 분위기를 연출한다.   감각적인 디자인과 함께 청소기 성능도 주목할 만하다. 특히 핸디형 1.2kg, 총무게 2.0kg으로 가볍고 슬림해 아이나 반려동물을 키우는 가정 등에 적합하다.   청소기 본체에 기본 장착된 이지 브러쉬 2종은 별도 액세서리를 갈아 끼울 필요 없이 필요한 순간 원터치로 핸디형 또는 스틱형으로 사용할 수 있어 간편하다. 기존 자사 모델 대비 40% 강해진 흡입력과 140W 파워는 최대 99.9% 먼지 제거 효율을 가진다.   강한 청소가 필요한 순간에는 별도 부스트업 버튼으로 최대 15분까지 흡입력을 높여 사용할 수 있다. 3시간 이내로 빨라진 충전 시간과 완충 시 최장 45분 동안 연속 사용이 가능해 집안 전체 청소를 한 번에 끝낼 수 있다. 사용 후에는 원터치로 간편하게 먼지통 비움이 가능하다. 필터와 먼지 분리기, 먼지통 등은 쉽게 분리해 물로 세척 후 재사용할 수 있어 편의성이 뛰어나다.     메이커스 마크 크리스마스 스웨터 에디션   버번 위스키 브랜드 메이커스 마크가 매년 새로운 디자인으로 출시하는 '크리스마스 스웨터 에디션'은 수집하는 팬들이 있을 정도로 주목을 받는다.   올해 에디션은 메이커스 마크 상징인 빨간 왁스 봉인과 같은 레드 색상을 베이스로 한 크리스마스 리스 패턴으로 선보인다. 오리지널 바틀이 입고 있는 앙증맞은 스웨터는 홀리데이 무드를 한층 더해줄 수 있다. 이번 에디션은 한국에서는 두 번째로 출시하는 에디션으로 한정 수량으로 선보여 소장 가치가 높다.     리모와 에센셜 레드   여행 또는 새로운 시작을 준비하는 지인에게 선물하기에 적합한 제품이다. 리모와 에센셜 레드 색상은 대담하고 강한 색감으로 기쁨과 열정의 감각을 불러일으킨다. 해당 제품은 통일된 색감의 외관을 갖출 수 있도록 핸들과 지퍼, 배지와 휠 하우징까지 정교하게 색상을 맞췄다.   단계별로 높이를 조절할 수 있는 손잡이를 비롯해 멀티휠 시스템, 여행 중 소지품을 안전하게 지켜주는 'TSA' 승인 잠금 장치 등 독일 메종의 세심한 접근 방식이 드러난다. 또한 소지품을 모두 담을 수 있는 지퍼 수납칸, 더 많은 짐을 넣을 수 있는 동시에 이동 중에도 흐트러지지 않게 해주는 압축 시스템이 딸린 높이 조절식 플렉스 디바이더 등을 갖췄다.     에스티 로더 홀리데이 컬렉션 블록버스터 세트   에스티 로더는 매년 선보이는 홀리데이 컬렉션 블록버스터 세트를 리미티드 레드 코스메틱 백에 담아냈다. 레드 코스메틱 백은 크리스마스 선물 상자를 연상케 하는 커다란 리본이 달려있다. 전체적으로 벨벳 재질이라 부드러움과 따뜻함이 느껴진다.   이 세트에는 스킨케어 베스트셀러 미니 제품 5종과 홀리데이 무드를 담은 4가지 색상 립스틱과 립글로스, 그리고 화려한 메이크업을 도와줄 아이섀도우와 마스카라를 담았다."
